{
	"credit": "Made with Blockbench",
	"texture_size": [32, 32],
	"textures": {
		"0": "block/electric/energy_funnel",
		"particle": "block/electric/energy_funnel"
	},
	"elements": [
		{
			"from": [3, 7, 7],
			"to": [13, 9, 9],
			"faces": {
				"north": {"uv": [8, 6, 13, 7], "texture": "#0"},
				"east": {"uv": [11, 8, 12, 9], "texture": "#0"},
				"south": {"uv": [8, 6, 13, 7], "texture": "#0"},
				"west": {"uv": [11, 9, 12, 10], "texture": "#0"},
				"up": {"uv": [11, 10, 6, 9], "texture": "#0"},
				"down": {"uv": [13, 6, 8, 7], "texture": "#0"}
			}
		},
		{
			"from": [2, 6, 6],
			"to": [3, 10, 10],
			"faces": {
				"north": {"uv": [11, 4, 11.5, 6], "texture": "#0"},
				"east": {"uv": [6, 10, 8, 12], "texture": "#0"},
				"south": {"uv": [7.5, 12, 8, 14], "texture": "#0"},
				"west": {"uv": [8, 10, 10, 12], "texture": "#0"},
				"up": {"uv": [8.5, 14, 8, 12], "texture": "#0"},
				"down": {"uv": [12.5, 8, 12, 10], "texture": "#0"}
			}
		},
		{
			"from": [13, 6, 6],
			"to": [14, 10, 10],
			"faces": {
				"north": {"uv": [11, 4, 11.5, 6], "texture": "#0"},
				"east": {"uv": [6, 10, 8, 12], "texture": "#0"},
				"south": {"uv": [7.5, 12, 8, 14], "texture": "#0"},
				"west": {"uv": [8, 10, 10, 12], "texture": "#0"},
				"up": {"uv": [8.5, 14, 8, 12], "texture": "#0"},
				"down": {"uv": [12.5, 8, 12, 10], "texture": "#0"}
			}
		},
		{
			"from": [14, 5, 5],
			"to": [15, 11, 11],
			"faces": {
				"north": {"uv": [12, 3, 12.5, 6], "texture": "#0"},
				"east": {"uv": [3, 8, 6, 11], "texture": "#0"},
				"south": {"uv": [6, 12, 6.5, 15], "texture": "#0"},
				"west": {"uv": [8, 3, 11, 6], "texture": "#0"},
				"up": {"uv": [7, 15, 6.5, 12], "texture": "#0"},
				"down": {"uv": [7.5, 12, 7, 15], "texture": "#0"}
			}
		},
		{
			"from": [1, 5, 5],
			"to": [2, 11, 11],
			"faces": {
				"north": {"uv": [12, 3, 12.5, 6], "texture": "#0"},
				"east": {"uv": [3, 8, 6, 11], "texture": "#0"},
				"south": {"uv": [6, 12, 6.5, 15], "texture": "#0"},
				"west": {"uv": [8, 3, 11, 6], "texture": "#0"},
				"up": {"uv": [7, 15, 6.5, 12], "texture": "#0"},
				"down": {"uv": [7.5, 12, 7, 15], "texture": "#0"}
			}
		},
		{
			"from": [0, 4, 4],
			"to": [1, 12, 12],
			"faces": {
				"north": {"uv": [11, 0, 11.5, 4], "texture": "#0"},
				"east": {"uv": [0, 0, 4, 4], "texture": "#0"},
				"south": {"uv": [2, 11, 2.5, 15], "texture": "#0"},
				"west": {"uv": [0, 4, 4, 8], "texture": "#0"},
				"up": {"uv": [3, 15, 2.5, 11], "texture": "#0"},
				"down": {"uv": [3.5, 11, 3, 15], "texture": "#0"}
			}
		},
		{
			"from": [15, 4, 4],
			"to": [16, 12, 12],
			"faces": {
				"north": {"uv": [11, 0, 11.5, 4], "texture": "#0"},
				"east": {"uv": [0, 0, 4, 4], "texture": "#0"},
				"south": {"uv": [2, 11, 2.5, 15], "texture": "#0"},
				"west": {"uv": [0, 4, 4, 8], "texture": "#0"},
				"up": {"uv": [3, 15, 2.5, 11], "texture": "#0"},
				"down": {"uv": [3.5, 11, 3, 15], "texture": "#0"}
			}
		}
	],
	"groups": [
		{
			"name": "group",
			"origin": [8, 8, 8],
			"color": 0,
			"children": [0, 1, 2, 3, 4, 5, 6]
		}
	]
}