{
	"credit": "Made with Blockbench",
	"texture_size": [64, 64],
	"textures": {
		"0": "block/kohi_portal_frame",
		"particle": "block/kohi_portal_frame"
	},
	"elements": [
		{
			"from": [0, 0, 0],
			"to": [16, 13, 16],
			"faces": {
				"north": {"uv": [4, 0, 8, 3.25], "texture": "#0"},
				"east": {"uv": [4, 0, 8, 3.25], "texture": "#0"},
				"south": {"uv": [4, 0, 8, 3.25], "texture": "#0"},
				"west": {"uv": [4, 0, 8, 3.25], "texture": "#0"},
				"up": {"uv": [4, 4, 0, 0], "texture": "#0"},
				"down": {"uv": [4, 4, 0, 8], "texture": "#0"}
			}
		}
	],
	"display": {
		"fixed": {
			"rotation": [-90, 0, 0],
			"translation": [0, 0, -17.5],
			"scale": [2.001, 2.001, 2.001]
		}
	}
}