{
	"credit": "Made with Blockbench",
	"texture_size": [64, 64],
	"textures": {
		"0": "block/table",
		"particle": "block/table"
	},
	"elements": [
		{
			"from": [0, 0, 0],
			"to": [32, 16, 32],
			"faces": {
				"north": {"uv": [8, 0, 16, 4], "texture": "#0"},
				"east": {"uv": [8, 4, 16, 8], "texture": "#0"},
				"south": {"uv": [8, 8, 16, 12], "texture": "#0"},
				"west": {"uv": [8, 12, 16, 16], "texture": "#0"},
				"up": {"uv": [8, 8, 0, 0], "texture": "#0"},
				"down": {"uv": [8, 8, 0, 16], "texture": "#0"}
			}
		}
	],
	"display": {
		"fixed": {
			"rotation": [-90, 0, 0],
			"translation": [0, 0, -15],
			"scale": [2, 2, 2]
		}
	}
}