{
	"credit": "Made with Blockbench",
	"texture_size": [32, 32],
	"textures": {
		"0": "block/woodouter",
		"1": "block/woodinner",
		"2": "block/plus",
		"3": "block/stars",
		"particle": "block/stars"
	},
	"elements": [
		{
			"from": [1, 0, 1],
			"to": [15, 14, 31],
			"faces": {
				"north": {"uv": [0, 0, 3.5, 3.5], "texture": "#1"},
				"east": {"uv": [0, 0, 7, 3.5], "texture": "#1"},
				"south": {"uv": [0, 0, 3.5, 3.5], "texture": "#1"},
				"west": {"uv": [0, 0, 7, 3.5], "texture": "#1"},
				"up": {"uv": [3.5, 7, 0, 0], "texture": "#1"},
				"down": {"uv": [3.5, 0, 0, 7], "texture": "#1"}
			}
		},
		{
			"from": [1, 14, 31],
			"to": [15, 15, 32],
			"faces": {
				"north": {"uv": [2, 2, 5.5, 2.25], "texture": "#0"},
				"east": {"uv": [5.25, 5.75, 5.5, 6], "texture": "#0"},
				"south": {"uv": [2, 2.25, 5.5, 2.5], "texture": "#0"},
				"west": {"uv": [5.75, 5.5, 6, 5.75], "texture": "#0"},
				"up": {"uv": [5.5, 2.75, 2, 2.5], "texture": "#0"},
				"down": {"uv": [5.5, 2.75, 2, 3], "texture": "#0"}
			}
		},
		{
			"from": [1, 0, 31],
			"to": [15, 1, 32],
			"faces": {
				"north": {"uv": [2, 3, 5.5, 3.25], "texture": "#0"},
				"east": {"uv": [5.75, 5.75, 6, 6], "texture": "#0"},
				"south": {"uv": [2, 3.25, 5.5, 3.5], "texture": "#0"},
				"west": {"uv": [6, 2.25, 6.25, 2.5], "texture": "#0"},
				"up": {"uv": [5.5, 3.75, 2, 3.5], "texture": "#0"},
				"down": {"uv": [5.5, 3.75, 2, 4], "texture": "#0"}
			}
		},
		{
			"from": [1, 0, 0],
			"to": [15, 1, 1],
			"faces": {
				"north": {"uv": [2, 4, 5.5, 4.25], "texture": "#0"},
				"east": {"uv": [6, 2.5, 6.25, 2.75], "texture": "#0"},
				"south": {"uv": [2, 4.25, 5.5, 4.5], "texture": "#0"},
				"west": {"uv": [6, 2.75, 6.25, 3], "texture": "#0"},
				"up": {"uv": [5.5, 4.75, 2, 4.5], "texture": "#0"},
				"down": {"uv": [5.5, 4.75, 2, 5], "texture": "#0"}
			}
		},
		{
			"from": [1, 14, 0],
			"to": [15, 15, 1],
			"faces": {
				"north": {"uv": [2, 5, 5.5, 5.25], "texture": "#0"},
				"east": {"uv": [6, 3, 6.25, 3.25], "texture": "#0"},
				"south": {"uv": [2, 5.25, 5.5, 5.5], "texture": "#0"},
				"west": {"uv": [6, 3.25, 6.25, 3.5], "texture": "#0"},
				"up": {"uv": [5.5, 5.75, 2, 5.5], "texture": "#0"},
				"down": {"uv": [9, 2, 5.5, 2.25], "texture": "#0"}
			}
		},
		{
			"from": [15, 1, 0],
			"to": [16, 14, 1],
			"faces": {
				"north": {"uv": [5.5, 2.25, 5.75, 5.5], "texture": "#0"},
				"east": {"uv": [5.5, 5.5, 5.75, 8.75], "texture": "#0"},
				"south": {"uv": [2, 5.75, 2.25, 9], "texture": "#0"},
				"west": {"uv": [2.25, 5.75, 2.5, 9], "texture": "#0"},
				"up": {"uv": [6.25, 3.75, 6, 3.5], "texture": "#0"},
				"down": {"uv": [6.25, 3.75, 6, 4], "texture": "#0"}
			}
		},
		{
			"from": [15, 1, 31],
			"to": [16, 14, 32],
			"faces": {
				"north": {"uv": [5.75, 2.25, 6, 5.5], "texture": "#0"},
				"east": {"uv": [2.5, 5.75, 2.75, 9], "texture": "#0"},
				"south": {"uv": [2.75, 5.75, 3, 9], "texture": "#0"},
				"west": {"uv": [3, 5.75, 3.25, 9], "texture": "#0"},
				"up": {"uv": [6.25, 4.25, 6, 4], "texture": "#0"},
				"down": {"uv": [6.25, 4.25, 6, 4.5], "texture": "#0"}
			}
		},
		{
			"from": [0, 1, 31],
			"to": [1, 14, 32],
			"faces": {
				"north": {"uv": [3.25, 5.75, 3.5, 9], "texture": "#0"},
				"east": {"uv": [3.5, 5.75, 3.75, 9], "texture": "#0"},
				"south": {"uv": [3.75, 5.75, 4, 9], "texture": "#0"},
				"west": {"uv": [4, 5.75, 4.25, 9], "texture": "#0"},
				"up": {"uv": [6.25, 4.75, 6, 4.5], "texture": "#0"},
				"down": {"uv": [6.25, 4.75, 6, 5], "texture": "#0"}
			}
		},
		{
			"from": [0, 1, 0],
			"to": [1, 14, 1],
			"faces": {
				"north": {"uv": [4.25, 5.75, 4.5, 9], "texture": "#0"},
				"east": {"uv": [4.5, 5.75, 4.75, 9], "texture": "#0"},
				"south": {"uv": [4.75, 5.75, 5, 9], "texture": "#0"},
				"west": {"uv": [5, 5.75, 5.25, 9], "texture": "#0"},
				"up": {"uv": [6.25, 5.25, 6, 5], "texture": "#0"},
				"down": {"uv": [5.5, 6, 5.25, 6.25], "texture": "#0"}
			}
		},
		{
			"from": [0, 14, 0],
			"to": [1, 15, 32],
			"faces": {
				"north": {"uv": [6, 5.25, 6.25, 5.5], "texture": "#0"},
				"east": {"uv": [0, 0, 7.5, 0.25], "texture": "#0"},
				"south": {"uv": [6, 5.5, 6.25, 5.75], "texture": "#0"},
				"west": {"uv": [0, 0.25, 7.5, 0.5], "texture": "#0"},
				"up": {"uv": [0.25, 8, 0, 0.5], "texture": "#0"},
				"down": {"uv": [0.5, 0.5, 0.25, 8], "texture": "#0"}
			}
		},
		{
			"from": [15, 14, 0],
			"to": [16, 15, 32],
			"faces": {
				"north": {"uv": [5.75, 6, 6, 6.25], "texture": "#0"},
				"east": {"uv": [0.5, 0.5, 8, 0.75], "texture": "#0"},
				"south": {"uv": [6, 5.75, 6.25, 6], "texture": "#0"},
				"west": {"uv": [0.5, 0.75, 8, 1], "texture": "#0"},
				"up": {"uv": [0.75, 8.5, 0.5, 1], "texture": "#0"},
				"down": {"uv": [1, 1, 0.75, 8.5], "texture": "#0"}
			}
		},
		{
			"from": [13, 14, 2],
			"to": [14, 15, 14],
			"faces": {
				"north": {"uv": [5.75, 6, 6, 6.25], "texture": "#0"},
				"east": {"uv": [0.5, 0.5, 8, 0.75], "texture": "#0"},
				"south": {"uv": [6, 5.75, 6.25, 6], "texture": "#0"},
				"west": {"uv": [0.5, 0.75, 8, 1], "texture": "#0"},
				"up": {"uv": [0.75, 8.5, 0.5, 1], "texture": "#0"},
				"down": {"uv": [1, 1, 0.75, 8.5], "texture": "#0"}
			}
		},
		{
			"from": [13, 14, 18],
			"to": [14, 15, 30],
			"faces": {
				"north": {"uv": [5.75, 6, 6, 6.25], "texture": "#0"},
				"east": {"uv": [0.5, 0.5, 8, 0.75], "texture": "#0"},
				"south": {"uv": [6, 5.75, 6.25, 6], "texture": "#0"},
				"west": {"uv": [0.5, 0.75, 8, 1], "texture": "#0"},
				"up": {"uv": [0.75, 8.5, 0.5, 1], "texture": "#0"},
				"down": {"uv": [1, 1, 0.75, 8.5], "texture": "#0"}
			}
		},
		{
			"from": [2, 14, 18],
			"to": [3, 15, 30],
			"faces": {
				"north": {"uv": [5.75, 6, 6, 6.25], "texture": "#0"},
				"east": {"uv": [0.5, 0.5, 8, 0.75], "texture": "#0"},
				"south": {"uv": [6, 5.75, 6.25, 6], "texture": "#0"},
				"west": {"uv": [0.5, 0.75, 8, 1], "texture": "#0"},
				"up": {"uv": [0.75, 8.5, 0.5, 1], "texture": "#0"},
				"down": {"uv": [1, 1, 0.75, 8.5], "texture": "#0"}
			}
		},
		{
			"from": [2, 14, 2],
			"to": [3, 15, 14],
			"faces": {
				"north": {"uv": [5.75, 6, 6, 6.25], "texture": "#0"},
				"east": {"uv": [0.5, 0.5, 8, 0.75], "texture": "#0"},
				"south": {"uv": [6, 5.75, 6.25, 6], "texture": "#0"},
				"west": {"uv": [0.5, 0.75, 8, 1], "texture": "#0"},
				"up": {"uv": [0.75, 8.5, 0.5, 1], "texture": "#0"},
				"down": {"uv": [1, 1, 0.75, 8.5], "texture": "#0"}
			}
		},
		{
			"from": [3, 14, 2],
			"to": [13, 15, 3],
			"faces": {
				"north": {"uv": [5.75, 6, 6, 6.25], "texture": "#0"},
				"east": {"uv": [0.5, 0.5, 8, 0.75], "texture": "#0"},
				"south": {"uv": [6, 5.75, 6.25, 6], "texture": "#0"},
				"west": {"uv": [0.5, 0.75, 8, 1], "texture": "#0"},
				"up": {"uv": [0.75, 8.5, 0.5, 1], "texture": "#0"},
				"down": {"uv": [1, 1, 0.75, 8.5], "texture": "#0"}
			}
		},
		{
			"from": [3, 14, 13],
			"to": [13, 15, 14],
			"faces": {
				"north": {"uv": [5.75, 6, 6, 6.25], "texture": "#0"},
				"east": {"uv": [0.5, 0.5, 8, 0.75], "texture": "#0"},
				"south": {"uv": [6, 5.75, 6.25, 6], "texture": "#0"},
				"west": {"uv": [0.5, 0.75, 8, 1], "texture": "#0"},
				"up": {"uv": [0.75, 8.5, 0.5, 1], "texture": "#0"},
				"down": {"uv": [1, 1, 0.75, 8.5], "texture": "#0"}
			}
		},
		{
			"from": [3, 14, 29],
			"to": [13, 15, 30],
			"faces": {
				"north": {"uv": [5.75, 6, 6, 6.25], "texture": "#0"},
				"east": {"uv": [0.5, 0.5, 8, 0.75], "texture": "#0"},
				"south": {"uv": [6, 5.75, 6.25, 6], "texture": "#0"},
				"west": {"uv": [0.5, 0.75, 8, 1], "texture": "#0"},
				"up": {"uv": [0.75, 8.5, 0.5, 1], "texture": "#0"},
				"down": {"uv": [1, 1, 0.75, 8.5], "texture": "#0"}
			}
		},
		{
			"from": [3, 14, 18],
			"to": [13, 15, 19],
			"faces": {
				"north": {"uv": [5.75, 6, 6, 6.25], "texture": "#0"},
				"east": {"uv": [0.5, 0.5, 8, 0.75], "texture": "#0"},
				"south": {"uv": [6, 5.75, 6.25, 6], "texture": "#0"},
				"west": {"uv": [0.5, 0.75, 8, 1], "texture": "#0"},
				"up": {"uv": [0.75, 8.5, 0.5, 1], "texture": "#0"},
				"down": {"uv": [1, 1, 0.75, 8.5], "texture": "#0"}
			}
		},
		{
			"from": [15, 0, 0],
			"to": [16, 1, 32],
			"faces": {
				"north": {"uv": [6, 6, 6.25, 6.25], "texture": "#0"},
				"east": {"uv": [1, 1, 8.5, 1.25], "texture": "#0"},
				"south": {"uv": [6.25, 2.25, 6.5, 2.5], "texture": "#0"},
				"west": {"uv": [1, 1.25, 8.5, 1.5], "texture": "#0"},
				"up": {"uv": [1.25, 9, 1, 1.5], "texture": "#0"},
				"down": {"uv": [1.5, 1.5, 1.25, 9], "texture": "#0"}
			}
		},
		{
			"from": [0, 0, 0],
			"to": [1, 1, 32],
			"faces": {
				"north": {"uv": [6.25, 2.5, 6.5, 2.75], "texture": "#0"},
				"east": {"uv": [1.5, 1.5, 9, 1.75], "texture": "#0"},
				"south": {"uv": [6.25, 2.75, 6.5, 3], "texture": "#0"},
				"west": {"uv": [1.5, 1.75, 9, 2], "texture": "#0"},
				"up": {"uv": [1.75, 9.5, 1.5, 2], "texture": "#0"},
				"down": {"uv": [2, 2, 1.75, 9.5], "texture": "#0"}
			}
		},
		{
			"from": [6, 14, 15.5],
			"to": [10, 15, 16.5],
			"faces": {
				"north": {"uv": [0, 0, 4, 1], "texture": "#2"},
				"east": {"uv": [0, 0, 1, 1], "texture": "#2"},
				"south": {"uv": [0, 0, 4, 1], "texture": "#2"},
				"west": {"uv": [0, 0, 1, 1], "texture": "#2"},
				"up": {"uv": [4, 1, 0, 0], "texture": "#2"},
				"down": {"uv": [4, 0, 0, 1], "texture": "#2"}
			}
		},
		{
			"from": [7.5, 14, 14],
			"to": [8.5, 15, 18],
			"faces": {
				"north": {"uv": [0, 0, 1, 1], "texture": "#2"},
				"east": {"uv": [0, 0, 4, 1], "texture": "#2"},
				"south": {"uv": [0, 0, 1, 1], "texture": "#2"},
				"west": {"uv": [0, 0, 4, 1], "texture": "#2"},
				"up": {"uv": [1, 4, 0, 0], "texture": "#2"},
				"down": {"uv": [1, 0, 0, 4], "texture": "#2"}
			}
		},
		{
			"from": [0, 8, 23],
			"to": [1, 9, 24],
			"faces": {
				"north": {"uv": [1, 4.5, 1.5, 5], "texture": "#3"},
				"east": {"uv": [1.5, 4.5, 2, 5], "texture": "#3"},
				"south": {"uv": [3, 5, 3.5, 5.5], "texture": "#3"},
				"west": {"uv": [3, 6, 3.5, 6.5], "texture": "#3"},
				"up": {"uv": [6.5, 3.5, 6, 3], "texture": "#3"},
				"down": {"uv": [4, 6, 3.5, 6.5], "texture": "#3"}
			}
		},
		{
			"from": [0, 10, 23],
			"to": [1, 11, 24],
			"faces": {
				"north": {"uv": [4, 6, 4.5, 6.5], "texture": "#3"},
				"east": {"uv": [4.5, 6, 5, 6.5], "texture": "#3"},
				"south": {"uv": [5, 6, 5.5, 6.5], "texture": "#3"},
				"west": {"uv": [5.5, 6, 6, 6.5], "texture": "#3"},
				"up": {"uv": [6.5, 6, 6, 5.5], "texture": "#3"},
				"down": {"uv": [6.5, 6, 6, 6.5], "texture": "#3"}
			}
		},
		{
			"from": [0, 9, 22],
			"to": [1, 10, 25],
			"faces": {
				"north": {"uv": [0, 6.5, 0.5, 7], "texture": "#3"},
				"east": {"uv": [0, 0, 1.5, 0.5], "texture": "#3"},
				"south": {"uv": [0.5, 6.5, 1, 7], "texture": "#3"},
				"west": {"uv": [0, 0.5, 1.5, 1], "texture": "#3"},
				"up": {"uv": [0.5, 2.5, 0, 1], "texture": "#3"},
				"down": {"uv": [1, 1, 0.5, 2.5], "texture": "#3"}
			}
		},
		{
			"from": [0, 2, 18],
			"to": [1, 3, 19],
			"faces": {
				"north": {"uv": [1, 6.5, 1.5, 7], "texture": "#3"},
				"east": {"uv": [1.5, 6.5, 2, 7], "texture": "#3"},
				"south": {"uv": [6.5, 1.5, 7, 2], "texture": "#3"},
				"west": {"uv": [2, 6.5, 2.5, 7], "texture": "#3"},
				"up": {"uv": [3, 7, 2.5, 6.5], "texture": "#3"},
				"down": {"uv": [3.5, 6.5, 3, 7], "texture": "#3"}
			}
		},
		{
			"from": [0, 4, 18],
			"to": [1, 5, 19],
			"faces": {
				"north": {"uv": [6.5, 3, 7, 3.5], "texture": "#3"},
				"east": {"uv": [3.5, 6.5, 4, 7], "texture": "#3"},
				"south": {"uv": [6.5, 3.5, 7, 4], "texture": "#3"},
				"west": {"uv": [4, 6.5, 4.5, 7], "texture": "#3"},
				"up": {"uv": [5, 7, 4.5, 6.5], "texture": "#3"},
				"down": {"uv": [5.5, 6.5, 5, 7], "texture": "#3"}
			}
		},
		{
			"from": [0, 3, 17],
			"to": [1, 4, 20],
			"faces": {
				"north": {"uv": [5.5, 6.5, 6, 7], "texture": "#3"},
				"east": {"uv": [1, 1, 2.5, 1.5], "texture": "#3"},
				"south": {"uv": [6.5, 5.5, 7, 6], "texture": "#3"},
				"west": {"uv": [1.5, 0, 3, 0.5], "texture": "#3"},
				"up": {"uv": [1.5, 3, 1, 1.5], "texture": "#3"},
				"down": {"uv": [2, 1.5, 1.5, 3], "texture": "#3"}
			}
		},
		{
			"from": [0, 6, 13],
			"to": [1, 7, 14],
			"faces": {
				"north": {"uv": [6, 6.5, 6.5, 7], "texture": "#3"},
				"east": {"uv": [6.5, 6, 7, 6.5], "texture": "#3"},
				"south": {"uv": [6.5, 6.5, 7, 7], "texture": "#3"},
				"west": {"uv": [0, 7, 0.5, 7.5], "texture": "#3"},
				"up": {"uv": [1, 7.5, 0.5, 7], "texture": "#3"},
				"down": {"uv": [1.5, 7, 1, 7.5], "texture": "#3"}
			}
		},
		{
			"from": [0, 8, 13],
			"to": [1, 9, 14],
			"faces": {
				"north": {"uv": [7, 1, 7.5, 1.5], "texture": "#3"},
				"east": {"uv": [1.5, 7, 2, 7.5], "texture": "#3"},
				"south": {"uv": [7, 1.5, 7.5, 2], "texture": "#3"},
				"west": {"uv": [2, 7, 2.5, 7.5], "texture": "#3"},
				"up": {"uv": [7.5, 2.5, 7, 2], "texture": "#3"},
				"down": {"uv": [3, 7, 2.5, 7.5], "texture": "#3"}
			}
		},
		{
			"from": [0, 7, 12],
			"to": [1, 8, 15],
			"faces": {
				"north": {"uv": [3, 7, 3.5, 7.5], "texture": "#3"},
				"east": {"uv": [1.5, 0.5, 3, 1], "texture": "#3"},
				"south": {"uv": [7, 3, 7.5, 3.5], "texture": "#3"},
				"west": {"uv": [2, 1.5, 3.5, 2], "texture": "#3"},
				"up": {"uv": [2.5, 3.5, 2, 2], "texture": "#3"},
				"down": {"uv": [0.5, 2.5, 0, 4], "texture": "#3"}
			}
		},
		{
			"from": [0, 10, 4],
			"to": [1, 11, 5],
			"faces": {
				"north": {"uv": [3.5, 7, 4, 7.5], "texture": "#3"},
				"east": {"uv": [7, 3.5, 7.5, 4], "texture": "#3"},
				"south": {"uv": [4, 7, 4.5, 7.5], "texture": "#3"},
				"west": {"uv": [7, 4, 7.5, 4.5], "texture": "#3"},
				"up": {"uv": [5, 7.5, 4.5, 7], "texture": "#3"},
				"down": {"uv": [7.5, 4.5, 7, 5], "texture": "#3"}
			}
		},
		{
			"from": [0, 12, 4],
			"to": [1, 13, 5],
			"faces": {
				"north": {"uv": [5, 7, 5.5, 7.5], "texture": "#3"},
				"east": {"uv": [7, 5, 7.5, 5.5], "texture": "#3"},
				"south": {"uv": [5.5, 7, 6, 7.5], "texture": "#3"},
				"west": {"uv": [7, 5.5, 7.5, 6], "texture": "#3"},
				"up": {"uv": [6.5, 7.5, 6, 7], "texture": "#3"},
				"down": {"uv": [7.5, 6, 7, 6.5], "texture": "#3"}
			}
		},
		{
			"from": [0, 11, 3],
			"to": [1, 12, 6],
			"faces": {
				"north": {"uv": [6.5, 7, 7, 7.5], "texture": "#3"},
				"east": {"uv": [2.5, 1, 4, 1.5], "texture": "#3"},
				"south": {"uv": [7, 6.5, 7.5, 7], "texture": "#3"},
				"west": {"uv": [2.5, 2, 4, 2.5], "texture": "#3"},
				"up": {"uv": [1, 4, 0.5, 2.5], "texture": "#3"},
				"down": {"uv": [3, 2.5, 2.5, 4], "texture": "#3"}
			}
		},
		{
			"from": [15, 8, 6],
			"to": [16, 9, 7],
			"faces": {
				"north": {"uv": [7, 7, 7.5, 7.5], "texture": "#3"},
				"east": {"uv": [0, 7.5, 0.5, 8], "texture": "#3"},
				"south": {"uv": [7.5, 0, 8, 0.5], "texture": "#3"},
				"west": {"uv": [0.5, 7.5, 1, 8], "texture": "#3"},
				"up": {"uv": [8, 1, 7.5, 0.5], "texture": "#3"},
				"down": {"uv": [1.5, 7.5, 1, 8], "texture": "#3"}
			}
		},
		{
			"from": [15, 10, 6],
			"to": [16, 11, 7],
			"faces": {
				"north": {"uv": [7.5, 1, 8, 1.5], "texture": "#3"},
				"east": {"uv": [1.5, 7.5, 2, 8], "texture": "#3"},
				"south": {"uv": [7.5, 1.5, 8, 2], "texture": "#3"},
				"west": {"uv": [2, 7.5, 2.5, 8], "texture": "#3"},
				"up": {"uv": [8, 2.5, 7.5, 2], "texture": "#3"},
				"down": {"uv": [3, 7.5, 2.5, 8], "texture": "#3"}
			}
		},
		{
			"from": [15, 9, 5],
			"to": [16, 10, 8],
			"faces": {
				"north": {"uv": [7.5, 2.5, 8, 3], "texture": "#3"},
				"east": {"uv": [3, 0, 4.5, 0.5], "texture": "#3"},
				"south": {"uv": [3, 7.5, 3.5, 8], "texture": "#3"},
				"west": {"uv": [3, 0.5, 4.5, 1], "texture": "#3"},
				"up": {"uv": [1.5, 4.5, 1, 3], "texture": "#3"},
				"down": {"uv": [2, 3, 1.5, 4.5], "texture": "#3"}
			}
		},
		{
			"from": [15, 2, 8],
			"to": [16, 3, 9],
			"faces": {
				"north": {"uv": [7.5, 3, 8, 3.5], "texture": "#3"},
				"east": {"uv": [3.5, 7.5, 4, 8], "texture": "#3"},
				"south": {"uv": [7.5, 3.5, 8, 4], "texture": "#3"},
				"west": {"uv": [4, 7.5, 4.5, 8], "texture": "#3"},
				"up": {"uv": [8, 4.5, 7.5, 4], "texture": "#3"},
				"down": {"uv": [5, 7.5, 4.5, 8], "texture": "#3"}
			}
		},
		{
			"from": [15, 4, 8],
			"to": [16, 5, 9],
			"faces": {
				"north": {"uv": [7.5, 4.5, 8, 5], "texture": "#3"},
				"east": {"uv": [5, 7.5, 5.5, 8], "texture": "#3"},
				"south": {"uv": [7.5, 5, 8, 5.5], "texture": "#3"},
				"west": {"uv": [5.5, 7.5, 6, 8], "texture": "#3"},
				"up": {"uv": [8, 6, 7.5, 5.5], "texture": "#3"},
				"down": {"uv": [6.5, 7.5, 6, 8], "texture": "#3"}
			}
		},
		{
			"from": [15, 3, 7],
			"to": [16, 4, 10],
			"faces": {
				"north": {"uv": [7.5, 6, 8, 6.5], "texture": "#3"},
				"east": {"uv": [3, 2.5, 4.5, 3], "texture": "#3"},
				"south": {"uv": [6.5, 7.5, 7, 8], "texture": "#3"},
				"west": {"uv": [3, 3, 4.5, 3.5], "texture": "#3"},
				"up": {"uv": [2.5, 5, 2, 3.5], "texture": "#3"},
				"down": {"uv": [3.5, 3.5, 3, 5], "texture": "#3"}
			}
		},
		{
			"from": [15, 6, 18],
			"to": [16, 7, 19],
			"faces": {
				"north": {"uv": [7.5, 6.5, 8, 7], "texture": "#3"},
				"east": {"uv": [7, 7.5, 7.5, 8], "texture": "#3"},
				"south": {"uv": [7.5, 7, 8, 7.5], "texture": "#3"},
				"west": {"uv": [7.5, 7.5, 8, 8], "texture": "#3"},
				"up": {"uv": [0.5, 8.5, 0, 8], "texture": "#3"},
				"down": {"uv": [8.5, 0, 8, 0.5], "texture": "#3"}
			}
		},
		{
			"from": [15, 8, 18],
			"to": [16, 9, 19],
			"faces": {
				"north": {"uv": [0.5, 8, 1, 8.5], "texture": "#3"},
				"east": {"uv": [8, 0.5, 8.5, 1], "texture": "#3"},
				"south": {"uv": [1, 8, 1.5, 8.5], "texture": "#3"},
				"west": {"uv": [8, 1, 8.5, 1.5], "texture": "#3"},
				"up": {"uv": [2, 8.5, 1.5, 8], "texture": "#3"},
				"down": {"uv": [8.5, 1.5, 8, 2], "texture": "#3"}
			}
		},
		{
			"from": [15, 7, 17],
			"to": [16, 8, 20],
			"faces": {
				"north": {"uv": [2, 8, 2.5, 8.5], "texture": "#3"},
				"east": {"uv": [3.5, 1.5, 5, 2], "texture": "#3"},
				"south": {"uv": [8, 2, 8.5, 2.5], "texture": "#3"},
				"west": {"uv": [3.5, 3.5, 5, 4], "texture": "#3"},
				"up": {"uv": [0.5, 5.5, 0, 4], "texture": "#3"},
				"down": {"uv": [1, 4, 0.5, 5.5], "texture": "#3"}
			}
		},
		{
			"from": [15, 10, 25],
			"to": [16, 11, 26],
			"faces": {
				"north": {"uv": [2.5, 8, 3, 8.5], "texture": "#3"},
				"east": {"uv": [8, 2.5, 8.5, 3], "texture": "#3"},
				"south": {"uv": [3, 8, 3.5, 8.5], "texture": "#3"},
				"west": {"uv": [8, 3, 8.5, 3.5], "texture": "#3"},
				"up": {"uv": [4, 8.5, 3.5, 8], "texture": "#3"},
				"down": {"uv": [8.5, 3.5, 8, 4], "texture": "#3"}
			}
		},
		{
			"from": [15, 12, 25],
			"to": [16, 13, 26],
			"faces": {
				"north": {"uv": [4, 8, 4.5, 8.5], "texture": "#3"},
				"east": {"uv": [8, 4, 8.5, 4.5], "texture": "#3"},
				"south": {"uv": [4.5, 8, 5, 8.5], "texture": "#3"},
				"west": {"uv": [8, 4.5, 8.5, 5], "texture": "#3"},
				"up": {"uv": [5.5, 8.5, 5, 8], "texture": "#3"},
				"down": {"uv": [8.5, 5, 8, 5.5], "texture": "#3"}
			}
		},
		{
			"from": [15, 11, 24],
			"to": [16, 12, 27],
			"faces": {
				"north": {"uv": [5.5, 8, 6, 8.5], "texture": "#3"},
				"east": {"uv": [4, 1, 5.5, 1.5], "texture": "#3"},
				"south": {"uv": [8, 5.5, 8.5, 6], "texture": "#3"},
				"west": {"uv": [4, 2, 5.5, 2.5], "texture": "#3"},
				"up": {"uv": [3, 5.5, 2.5, 4], "texture": "#3"},
				"down": {"uv": [4, 4, 3.5, 5.5], "texture": "#3"}
			}
		},
		{
			"from": [4, 9, 0],
			"to": [5, 10, 1],
			"faces": {
				"north": {"uv": [6, 8, 6.5, 8.5], "texture": "#3"},
				"east": {"uv": [8, 6, 8.5, 6.5], "texture": "#3"},
				"south": {"uv": [6.5, 8, 7, 8.5], "texture": "#3"},
				"west": {"uv": [8, 6.5, 8.5, 7], "texture": "#3"},
				"up": {"uv": [7.5, 8.5, 7, 8], "texture": "#3"},
				"down": {"uv": [8.5, 7, 8, 7.5], "texture": "#3"}
			}
		},
		{
			"from": [4, 11, 0],
			"to": [5, 12, 1],
			"faces": {
				"north": {"uv": [7.5, 8, 8, 8.5], "texture": "#3"},
				"east": {"uv": [8, 7.5, 8.5, 8], "texture": "#3"},
				"south": {"uv": [8, 8, 8.5, 8.5], "texture": "#3"},
				"west": {"uv": [0, 8.5, 0.5, 9], "texture": "#3"},
				"up": {"uv": [9, 0.5, 8.5, 0], "texture": "#3"},
				"down": {"uv": [1, 8.5, 0.5, 9], "texture": "#3"}
			}
		},
		{
			"from": [3, 10, 0],
			"to": [6, 11, 1],
			"faces": {
				"north": {"uv": [4, 4, 5.5, 4.5], "texture": "#3"},
				"east": {"uv": [8.5, 0.5, 9, 1], "texture": "#3"},
				"south": {"uv": [4.5, 0, 6, 0.5], "texture": "#3"},
				"west": {"uv": [1, 8.5, 1.5, 9], "texture": "#3"},
				"up": {"uv": [6, 1, 4.5, 0.5], "texture": "#3"},
				"down": {"uv": [6, 2.5, 4.5, 3], "texture": "#3"}
			}
		},
		{
			"from": [8, 4, 0],
			"to": [9, 5, 1],
			"faces": {
				"north": {"uv": [8.5, 1, 9, 1.5], "texture": "#3"},
				"east": {"uv": [1.5, 8.5, 2, 9], "texture": "#3"},
				"south": {"uv": [8.5, 1.5, 9, 2], "texture": "#3"},
				"west": {"uv": [2, 8.5, 2.5, 9], "texture": "#3"},
				"up": {"uv": [9, 2.5, 8.5, 2], "texture": "#3"},
				"down": {"uv": [3, 8.5, 2.5, 9], "texture": "#3"}
			}
		},
		{
			"from": [8, 6, 0],
			"to": [9, 7, 1],
			"faces": {
				"north": {"uv": [8.5, 2.5, 9, 3], "texture": "#3"},
				"east": {"uv": [3, 8.5, 3.5, 9], "texture": "#3"},
				"south": {"uv": [8.5, 3, 9, 3.5], "texture": "#3"},
				"west": {"uv": [3.5, 8.5, 4, 9], "texture": "#3"},
				"up": {"uv": [9, 4, 8.5, 3.5], "texture": "#3"},
				"down": {"uv": [4.5, 8.5, 4, 9], "texture": "#3"}
			}
		},
		{
			"from": [7, 5, 0],
			"to": [10, 6, 1],
			"faces": {
				"north": {"uv": [4.5, 3, 6, 3.5], "texture": "#3"},
				"east": {"uv": [8.5, 4, 9, 4.5], "texture": "#3"},
				"south": {"uv": [4, 4.5, 5.5, 5], "texture": "#3"},
				"west": {"uv": [4.5, 8.5, 5, 9], "texture": "#3"},
				"up": {"uv": [2.5, 5.5, 1, 5], "texture": "#3"},
				"down": {"uv": [6.5, 1.5, 5, 2], "texture": "#3"}
			}
		},
		{
			"from": [12, 6, 0],
			"to": [13, 7, 1],
			"faces": {
				"north": {"uv": [8.5, 4.5, 9, 5], "texture": "#3"},
				"east": {"uv": [5, 8.5, 5.5, 9], "texture": "#3"},
				"south": {"uv": [8.5, 5, 9, 5.5], "texture": "#3"},
				"west": {"uv": [5.5, 8.5, 6, 9], "texture": "#3"},
				"up": {"uv": [9, 6, 8.5, 5.5], "texture": "#3"},
				"down": {"uv": [6.5, 8.5, 6, 9], "texture": "#3"}
			}
		},
		{
			"from": [12, 8, 0],
			"to": [13, 9, 1],
			"faces": {
				"north": {"uv": [8.5, 6, 9, 6.5], "texture": "#3"},
				"east": {"uv": [6.5, 8.5, 7, 9], "texture": "#3"},
				"south": {"uv": [8.5, 6.5, 9, 7], "texture": "#3"},
				"west": {"uv": [7, 8.5, 7.5, 9], "texture": "#3"},
				"up": {"uv": [9, 7.5, 8.5, 7], "texture": "#3"},
				"down": {"uv": [8, 8.5, 7.5, 9], "texture": "#3"}
			}
		},
		{
			"from": [11, 7, 0],
			"to": [14, 8, 1],
			"faces": {
				"north": {"uv": [5, 3.5, 6.5, 4], "texture": "#3"},
				"east": {"uv": [8.5, 7.5, 9, 8], "texture": "#3"},
				"south": {"uv": [4, 5, 5.5, 5.5], "texture": "#3"},
				"west": {"uv": [8, 8.5, 8.5, 9], "texture": "#3"},
				"up": {"uv": [1.5, 6, 0, 5.5], "texture": "#3"},
				"down": {"uv": [7, 1, 5.5, 1.5], "texture": "#3"}
			}
		},
		{
			"from": [11, 9, 31],
			"to": [12, 10, 32],
			"faces": {
				"north": {"uv": [8.5, 8, 9, 8.5], "texture": "#3"},
				"east": {"uv": [8.5, 8.5, 9, 9], "texture": "#3"},
				"south": {"uv": [0, 9, 0.5, 9.5], "texture": "#3"},
				"west": {"uv": [9, 0, 9.5, 0.5], "texture": "#3"},
				"up": {"uv": [1, 9.5, 0.5, 9], "texture": "#3"},
				"down": {"uv": [9.5, 0.5, 9, 1], "texture": "#3"}
			}
		},
		{
			"from": [11, 11, 31],
			"to": [12, 12, 32],
			"faces": {
				"north": {"uv": [1, 9, 1.5, 9.5], "texture": "#3"},
				"east": {"uv": [9, 1, 9.5, 1.5], "texture": "#3"},
				"south": {"uv": [1.5, 9, 2, 9.5], "texture": "#3"},
				"west": {"uv": [9, 1.5, 9.5, 2], "texture": "#3"},
				"up": {"uv": [2.5, 9.5, 2, 9], "texture": "#3"},
				"down": {"uv": [9.5, 2, 9, 2.5], "texture": "#3"}
			}
		},
		{
			"from": [10, 10, 31],
			"to": [13, 11, 32],
			"faces": {
				"north": {"uv": [1.5, 5.5, 3, 6], "texture": "#3"},
				"east": {"uv": [2.5, 9, 3, 9.5], "texture": "#3"},
				"south": {"uv": [5.5, 2, 7, 2.5], "texture": "#3"},
				"west": {"uv": [9, 2.5, 9.5, 3], "texture": "#3"},
				"up": {"uv": [4.5, 6, 3, 5.5], "texture": "#3"},
				"down": {"uv": [7, 4, 5.5, 4.5], "texture": "#3"}
			}
		},
		{
			"from": [7, 4, 31],
			"to": [8, 5, 32],
			"faces": {
				"north": {"uv": [3, 9, 3.5, 9.5], "texture": "#3"},
				"east": {"uv": [9, 3, 9.5, 3.5], "texture": "#3"},
				"south": {"uv": [3.5, 9, 4, 9.5], "texture": "#3"},
				"west": {"uv": [9, 3.5, 9.5, 4], "texture": "#3"},
				"up": {"uv": [4.5, 9.5, 4, 9], "texture": "#3"},
				"down": {"uv": [9.5, 4, 9, 4.5], "texture": "#3"}
			}
		},
		{
			"from": [7, 6, 31],
			"to": [8, 7, 32],
			"faces": {
				"north": {"uv": [4.5, 9, 5, 9.5], "texture": "#3"},
				"east": {"uv": [9, 4.5, 9.5, 5], "texture": "#3"},
				"south": {"uv": [5, 9, 5.5, 9.5], "texture": "#3"},
				"west": {"uv": [9, 5, 9.5, 5.5], "texture": "#3"},
				"up": {"uv": [6, 9.5, 5.5, 9], "texture": "#3"},
				"down": {"uv": [9.5, 5.5, 9, 6], "texture": "#3"}
			}
		},
		{
			"from": [6, 5, 31],
			"to": [9, 6, 32],
			"faces": {
				"north": {"uv": [4.5, 5.5, 6, 6], "texture": "#3"},
				"east": {"uv": [6, 9, 6.5, 9.5], "texture": "#3"},
				"south": {"uv": [5.5, 4.5, 7, 5], "texture": "#3"},
				"west": {"uv": [9, 6, 9.5, 6.5], "texture": "#3"},
				"up": {"uv": [7, 5.5, 5.5, 5], "texture": "#3"},
				"down": {"uv": [1.5, 6, 0, 6.5], "texture": "#3"}
			}
		},
		{
			"from": [3, 6, 31],
			"to": [4, 7, 32],
			"faces": {
				"north": {"uv": [6.5, 9, 7, 9.5], "texture": "#3"},
				"east": {"uv": [9, 6.5, 9.5, 7], "texture": "#3"},
				"south": {"uv": [7, 9, 7.5, 9.5], "texture": "#3"},
				"west": {"uv": [9, 7, 9.5, 7.5], "texture": "#3"},
				"up": {"uv": [8, 9.5, 7.5, 9], "texture": "#3"},
				"down": {"uv": [9.5, 7.5, 9, 8], "texture": "#3"}
			}
		},
		{
			"from": [3, 8, 31],
			"to": [4, 9, 32],
			"faces": {
				"north": {"uv": [8, 9, 8.5, 9.5], "texture": "#3"},
				"east": {"uv": [9, 8, 9.5, 8.5], "texture": "#3"},
				"south": {"uv": [8.5, 9, 9, 9.5], "texture": "#3"},
				"west": {"uv": [9, 8.5, 9.5, 9], "texture": "#3"},
				"up": {"uv": [9.5, 9.5, 9, 9], "texture": "#3"},
				"down": {"uv": [0.5, 9.5, 0, 10], "texture": "#3"}
			}
		},
		{
			"from": [2, 7, 31],
			"to": [5, 8, 32],
			"faces": {
				"north": {"uv": [6, 0, 7.5, 0.5], "texture": "#3"},
				"east": {"uv": [9.5, 0, 10, 0.5], "texture": "#3"},
				"south": {"uv": [6, 0.5, 7.5, 1], "texture": "#3"},
				"west": {"uv": [0.5, 9.5, 1, 10], "texture": "#3"},
				"up": {"uv": [3, 6.5, 1.5, 6], "texture": "#3"},
				"down": {"uv": [7.5, 2.5, 6, 3], "texture": "#3"}
			}
		}
	],
	"display": {
		"thirdperson_righthand": {
			"rotation": [-30, 0, 0],
			"translation": [-6, -3.25, 20],
			"scale": [1.5, 1.5, 1.5]
		},
		"thirdperson_lefthand": {
			"rotation": [0, 90, 0],
			"translation": [-2, 0, 0],
			"scale": [0.25, 0.25, 0.25]
		},
		"firstperson_righthand": {
			"translation": [0, 1.5, 0],
			"scale": [0.5, 0.5, 0.5]
		},
		"firstperson_lefthand": {
			"translation": [0, 1.5, 0],
			"scale": [0.5, 0.5, 0.5]
		},
		"ground": {
			"translation": [0, 0, -3.75],
			"scale": [0.5, 0.5, 0.5]
		},
		 "head": {
    			"rotation": [ -30, 10.35, 0 ],
    			"translation": [ 0, -30.75, -7.25 ],
    			"scale": [ 3.0125, 3.0125, 3.0125 ]
		},
		"fixed": {
			"rotation": [-90, 90, 0],
			"translation": [0, 0, -15],
			"scale": [2, 2, 2]
		}
	},
	"groups": [
		{
			"name": "InnerTable",
			"origin": [0, 0, 0],
			"color": 0,
			"children": [0]
		},
		{
			"name": "OuterTable",
			"origin": [8, 8, 8],
			"color": 0,
			"children": [1, 2, 3, 4, 5, 6, 7, 8, 9, 10, 11, 12, 13, 14, 15, 16, 17, 18, 19, 20]
		},
		{
			"name": "Plus",
			"origin": [8, 8, 8],
			"color": 0,
			"children": [21, 22]
		},
		{
			"name": "Stars",
			"origin": [8, 8, 8],
			"color": 0,
			"children": [
				{
					"name": "Side1Stars",
					"origin": [8, 8, 8],
					"color": 0,
					"children": [
						{
							"name": "Star1",
							"origin": [0, 0, 0],
							"color": 0,
							"children": [23, 24, 25]
						},
						{
							"name": "Star1",
							"origin": [0, 0, 0],
							"color": 0,
							"children": [26, 27, 28]
						},
						{
							"name": "Star1",
							"origin": [0, 0, 0],
							"color": 0,
							"children": [29, 30, 31]
						},
						{
							"name": "Star1",
							"origin": [0, 0, 0],
							"color": 0,
							"children": [32, 33, 34]
						}
					]
				},
				{
					"name": "Side2Stars",
					"origin": [8, 8, 8],
					"color": 0,
					"children": [
						{
							"name": "Star1",
							"origin": [0, 0, 0],
							"color": 0,
							"children": [35, 36, 37]
						},
						{
							"name": "Star1",
							"origin": [0, 0, 0],
							"color": 0,
							"children": [38, 39, 40]
						},
						{
							"name": "Star1",
							"origin": [0, 0, 0],
							"color": 0,
							"children": [41, 42, 43]
						},
						{
							"name": "Star1",
							"origin": [0, 0, 0],
							"color": 0,
							"children": [44, 45, 46]
						}
					]
				},
				{
					"name": "Side3Stars",
					"origin": [8, 8, 8],
					"color": 0,
					"children": [
						{
							"name": "Star1",
							"origin": [0, 0, 0],
							"color": 0,
							"children": [47, 48, 49]
						},
						{
							"name": "Star1",
							"origin": [0, 0, 0],
							"color": 0,
							"children": [50, 51, 52]
						},
						{
							"name": "Star1",
							"origin": [0, 0, 0],
							"color": 0,
							"children": [53, 54, 55]
						}
					]
				},
				{
					"name": "Side4Stars",
					"origin": [8, 8, 8],
					"color": 0,
					"children": [
						{
							"name": "Star1",
							"origin": [0, 0, 0],
							"color": 0,
							"children": [56, 57, 58]
						},
						{
							"name": "Star1",
							"origin": [0, 0, 0],
							"color": 0,
							"children": [59, 60, 61]
						},
						{
							"name": "Star1",
							"origin": [0, 0, 0],
							"color": 0,
							"children": [62, 63, 64]
						}
					]
				}
			]
		}
	]
}