{
	"credit": "Made with Blockbench",
	"texture_size": [32, 32],
	"textures": {
		"0": "block/electric/wire_board",
		"particle": "block/electric/wire_board"
	},
	"elements": [
		{
			"from": [0, 0, 0],
			"to": [16, 1, 16],
			"faces": {
				"north": {"uv": [8, 0, 16, 0.5], "texture": "#0"},
				"east": {"uv": [8, 0.5, 16, 1], "texture": "#0"},
				"south": {"uv": [8, 1, 16, 1.5], "texture": "#0"},
				"west": {"uv": [8, 1.5, 16, 2], "texture": "#0"},
				"up": {"uv": [8, 8, 0, 0], "texture": "#0"},
				"down": {"uv": [8, 8, 0, 16], "texture": "#0"}
			}
		},
		{
			"from": [6, 1, 7],
			"to": [7, 4, 8],
			"faces": {
				"north": {"uv": [15.5, 14.5, 16, 16], "texture": "#0"},
				"east": {"uv": [15.5, 14.5, 16, 16], "texture": "#0"},
				"south": {"uv": [15.5, 14.5, 16, 16], "texture": "#0"},
				"west": {"uv": [15.5, 14.5, 16, 16], "texture": "#0"},
				"up": {"uv": [15.5, 15.5, 16, 16], "texture": "#0"},
				"down": {"uv": [15.5, 15.5, 16, 16], "texture": "#0"}
			}
		},
		{
			"from": [6, 1, 11],
			"to": [7, 4, 12],
			"faces": {
				"north": {"uv": [15.5, 14.5, 16, 16], "texture": "#0"},
				"east": {"uv": [15.5, 14.5, 16, 16], "texture": "#0"},
				"south": {"uv": [15.5, 14.5, 16, 16], "texture": "#0"},
				"west": {"uv": [15.5, 14.5, 16, 16], "texture": "#0"},
				"up": {"uv": [15.5, 15.5, 16, 16], "texture": "#0"},
				"down": {"uv": [15.5, 15.5, 16, 16], "texture": "#0"}
			}
		},
		{
			"from": [6, 3, 8],
			"to": [7, 4, 11],
			"faces": {
				"north": {"uv": [15.5, 15.5, 16, 16], "texture": "#0"},
				"east": {"uv": [14.5, 15.5, 16, 16], "texture": "#0"},
				"south": {"uv": [15.5, 15.5, 16, 16], "texture": "#0"},
				"west": {"uv": [14.5, 15.5, 16, 16], "texture": "#0"},
				"up": {"uv": [15.5, 14.5, 16, 16], "texture": "#0"},
				"down": {"uv": [15.5, 14.5, 16, 16], "texture": "#0"}
			}
		},
		{
			"from": [2, 1, 2],
			"to": [4, 5, 4],
			"faces": {
				"north": {"uv": [8, 14, 9, 16], "texture": "#0"},
				"east": {"uv": [8, 14, 9, 16], "texture": "#0"},
				"south": {"uv": [8, 14, 9, 16], "texture": "#0"},
				"west": {"uv": [8, 14, 9, 16], "texture": "#0"},
				"up": {"uv": [8, 15, 9, 16], "texture": "#0"},
				"down": {"uv": [8, 15, 9, 16], "texture": "#0"}
			}
		},
		{
			"from": [11, 1, 4],
			"to": [13, 3, 6],
			"faces": {
				"north": {"uv": [8, 2, 9, 3], "texture": "#0"},
				"east": {"uv": [8, 2, 9, 3], "texture": "#0"},
				"south": {"uv": [8, 2, 9, 3], "texture": "#0"},
				"west": {"uv": [8, 2, 9, 3], "texture": "#0"},
				"up": {"uv": [8.5, 2, 9.5, 3], "texture": "#0"},
				"down": {"uv": [8, 2, 9, 3], "texture": "#0"}
			}
		},
		{
			"from": [13, 4, 4],
			"to": [14, 7, 6],
			"faces": {
				"north": {"uv": [15, 2, 15.5, 3.5], "texture": "#0"},
				"east": {"uv": [15, 2, 16, 3.5], "texture": "#0"},
				"south": {"uv": [15, 2, 15.5, 3.5], "texture": "#0"},
				"west": {"uv": [15, 2, 16, 3.5], "texture": "#0"},
				"up": {"uv": [15, 3.5, 15.5, 4.5], "texture": "#0"},
				"down": {"uv": [15, 3.5, 15.5, 4.5], "texture": "#0"}
			}
		},
		{
			"from": [11, 4, 6],
			"to": [13, 7, 7],
			"faces": {
				"north": {"uv": [15, 2, 16, 3.5], "texture": "#0"},
				"east": {"uv": [15, 2, 15.5, 3.5], "texture": "#0"},
				"south": {"uv": [15, 2, 16, 3.5], "texture": "#0"},
				"west": {"uv": [15, 2, 15.5, 3.5], "texture": "#0"},
				"up": {"uv": [15, 3.5, 16, 4], "texture": "#0"},
				"down": {"uv": [15, 3.5, 16, 4], "texture": "#0"}
			}
		},
		{
			"from": [11, 4, 3],
			"to": [13, 7, 4],
			"faces": {
				"north": {"uv": [15, 2, 16, 3.5], "texture": "#0"},
				"east": {"uv": [15, 2, 15.5, 3.5], "texture": "#0"},
				"south": {"uv": [15, 2, 16, 3.5], "texture": "#0"},
				"west": {"uv": [15, 2, 15.5, 3.5], "texture": "#0"},
				"up": {"uv": [15, 3.5, 16, 4], "texture": "#0"},
				"down": {"uv": [15, 3.5, 16, 4], "texture": "#0"}
			}
		},
		{
			"from": [10, 4, 4],
			"to": [11, 7, 6],
			"faces": {
				"north": {"uv": [15, 2, 15.5, 3.5], "texture": "#0"},
				"east": {"uv": [15, 2, 16, 3.5], "texture": "#0"},
				"south": {"uv": [15, 2, 15.5, 3.5], "texture": "#0"},
				"west": {"uv": [15, 2, 16, 3.5], "texture": "#0"},
				"up": {"uv": [15, 3.5, 15.5, 4.5], "texture": "#0"},
				"down": {"uv": [15, 3.5, 15.5, 4.5], "texture": "#0"}
			}
		},
		{
			"from": [11, 3, 4],
			"to": [13, 8, 6],
			"faces": {
				"north": {"uv": [15, 2, 16, 4.5], "texture": "#0"},
				"east": {"uv": [15, 2, 16, 4.5], "texture": "#0"},
				"south": {"uv": [15, 2, 16, 4.5], "texture": "#0"},
				"west": {"uv": [15, 2, 16, 4.5], "texture": "#0"},
				"up": {"uv": [15, 3.5, 16, 4.5], "texture": "#0"},
				"down": {"uv": [15, 3.5, 16, 4.5], "texture": "#0"}
			}
		}
	],
	"display": {},
	"groups": [
		0,
		1,
		2,
		3,
		4,
		5,
		{
			"name": "group",
			"origin": [0, 0, 0],
			"color": 0,
			"children": [6, 7, 8, 9, 10]
		}
	]
}