{
	"credit": "Made with Blockbench",
	"textures": {
		"0": "block/electric/wire_copper",
		"particle": "block/electric/wire_copper"
	},
	"elements": [
		{
			"from": [10, 0, 9],
			"to": [11, 1, 12],
			"faces": {
				"north": {"uv": [8, 9, 9, 10], "texture": "#0"},
				"east": {"uv": [7, 2, 10, 3], "texture": "#0"},
				"south": {"uv": [9, 9, 10, 10], "texture": "#0"},
				"west": {"uv": [7, 3, 10, 4], "texture": "#0"},
				"up": {"uv": [8, 7, 7, 4], "texture": "#0"},
				"down": {"uv": [8, 7, 7, 10], "texture": "#0"}
			}
		},
		{
			"from": [9, 0, 7],
			"to": [10, 1, 10],
			"faces": {
				"north": {"uv": [2, 10, 3, 11], "texture": "#0"},
				"east": {"uv": [2, 8, 5, 9], "texture": "#0"},
				"south": {"uv": [10, 2, 11, 3], "texture": "#0"},
				"west": {"uv": [8, 4, 11, 5], "texture": "#0"},
				"up": {"uv": [6, 11, 5, 8], "texture": "#0"},
				"down": {"uv": [9, 5, 8, 8], "texture": "#0"}
			}
		},
		{
			"from": [4, 0, 13],
			"to": [5, 1, 16],
			"faces": {
				"north": {"uv": [3, 10, 4, 11], "texture": "#0"},
				"east": {"uv": [8, 8, 11, 9], "texture": "#0"},
				"south": {"uv": [10, 3, 11, 4], "texture": "#0"},
				"west": {"uv": [2, 9, 5, 10], "texture": "#0"},
				"up": {"uv": [7, 11, 6, 8], "texture": "#0"},
				"down": {"uv": [10, 5, 9, 8], "texture": "#0"}
			}
		},
		{
			"from": [4, 0, 12],
			"to": [11, 1, 13],
			"faces": {
				"north": {"uv": [0, 0, 7, 1], "texture": "#0"},
				"east": {"uv": [4, 10, 5, 11], "texture": "#0"},
				"south": {"uv": [0, 1, 7, 2], "texture": "#0"},
				"west": {"uv": [10, 5, 11, 6], "texture": "#0"},
				"up": {"uv": [7, 3, 0, 2], "texture": "#0"},
				"down": {"uv": [7, 3, 0, 4], "texture": "#0"}
			}
		},
		{
			"from": [5, 0, 6],
			"to": [10, 1, 7],
			"faces": {
				"north": {"uv": [2, 6, 7, 7], "texture": "#0"},
				"east": {"uv": [10, 6, 11, 7], "texture": "#0"},
				"south": {"uv": [7, 0, 12, 1], "texture": "#0"},
				"west": {"uv": [7, 10, 8, 11], "texture": "#0"},
				"up": {"uv": [12, 2, 7, 1], "texture": "#0"},
				"down": {"uv": [7, 7, 2, 8], "texture": "#0"}
			}
		},
		{
			"from": [4, 0, 0],
			"to": [5, 1, 7],
			"faces": {
				"north": {"uv": [10, 7, 11, 8], "texture": "#0"},
				"east": {"uv": [0, 4, 7, 5], "texture": "#0"},
				"south": {"uv": [8, 10, 9, 11], "texture": "#0"},
				"west": {"uv": [0, 5, 7, 6], "texture": "#0"},
				"up": {"uv": [1, 13, 0, 6], "texture": "#0"},
				"down": {"uv": [2, 6, 1, 13], "texture": "#0"}
			}
		}
	],
	"groups": [
		{
			"name": "group",
			"origin": [8, 8, 8],
			"color": 0,
			"children": [0, 1, 2, 3, 4, 5]
		}
	]
}