{
	"parent": "item/handheld",
	"textures": {
		"layer0": "item/carrot_on_a_stick"
	},
	
	"overrides": [
		{"predicate": {"custom_model_data":1}, "model": "item/firewand"},
		{"predicate": {"custom_model_data":2}, "model": "item/windwand"},
		{"predicate": {"custom_model_data":3}, "model": "item/earthwand"},
		{"predicate": {"custom_model_data":4}, "model": "item/waterwand"},
		{"predicate": {"custom_model_data":5}, "model": "item/emptywand"},
		{"predicate": {"custom_model_data":6}, "model": "item/lightningwand"},
		{"predicate": {"custom_model_data":7}, "model": "item/poisonwand"},
		{"predicate": {"custom_model_data":8}, "model": "item/voidwand"}
	]
}