{
	"credit": "Made with Blockbench",
	"texture_size": [32, 32],
	"textures": {
		"0": "item/carrot_on_a_stick/fire_wand/fire",
		"particle": "item/carrot_on_a_stick/fire_wand/fire"
	},
	"elements": [
		{
			"from": [6.5, 10.29081, -0.40129],
			"to": [9.5, 13.29081, 2.59871],
			"rotation": {"angle": -22.5, "axis": "x", "origin": [15, 29.79081, 6.09871]},
			"faces": {
				"north": {"uv": [0, 0, 3, 3], "texture": "#0"},
				"east": {"uv": [0, 3, 3, 6], "texture": "#0"},
				"south": {"uv": [3, 0, 6, 3], "texture": "#0"},
				"west": {"uv": [3, 3, 6, 6], "texture": "#0"},
				"up": {"uv": [3, 9, 0, 6], "texture": "#0"},
				"down": {"uv": [9, 0, 6, 3], "texture": "#0"}
			}
		},
		{
			"from": [7.5, 13.29081, 1.59871],
			"to": [8.5, 14.29081, 2.59871],
			"rotation": {"angle": -22.5, "axis": "x", "origin": [15, 29.79081, 6.09871]},
			"faces": {
				"north": {"uv": [3, 6, 4, 7], "texture": "#0"},
				"east": {"uv": [6, 3, 7, 4], "texture": "#0"},
				"south": {"uv": [4, 6, 5, 7], "texture": "#0"},
				"west": {"uv": [6, 4, 7, 5], "texture": "#0"},
				"up": {"uv": [6, 7, 5, 6], "texture": "#0"},
				"down": {"uv": [7, 5, 6, 6], "texture": "#0"}
			}
		},
		{
			"from": [8.5, 13.29081, 0.59871],
			"to": [9.5, 14.29081, 1.59871],
			"rotation": {"angle": -22.5, "axis": "x", "origin": [15, 29.79081, 6.09871]},
			"faces": {
				"north": {"uv": [6, 6, 7, 7], "texture": "#0"},
				"east": {"uv": [3, 7, 4, 8], "texture": "#0"},
				"south": {"uv": [7, 3, 8, 4], "texture": "#0"},
				"west": {"uv": [4, 7, 5, 8], "texture": "#0"},
				"up": {"uv": [8, 5, 7, 4], "texture": "#0"},
				"down": {"uv": [6, 7, 5, 8], "texture": "#0"}
			}
		},
		{
			"from": [7.5, 13.29081, -0.40129],
			"to": [8.5, 14.29081, 0.59871],
			"rotation": {"angle": -22.5, "axis": "x", "origin": [15, 29.79081, 6.09871]},
			"faces": {
				"north": {"uv": [7, 5, 8, 6], "texture": "#0"},
				"east": {"uv": [6, 7, 7, 8], "texture": "#0"},
				"south": {"uv": [7, 6, 8, 7], "texture": "#0"},
				"west": {"uv": [7, 7, 8, 8], "texture": "#0"},
				"up": {"uv": [4, 9, 3, 8], "texture": "#0"},
				"down": {"uv": [9, 3, 8, 4], "texture": "#0"}
			}
		},
		{
			"from": [6.5, 13.29081, 0.59871],
			"to": [7.5, 14.29081, 1.59871],
			"rotation": {"angle": -22.5, "axis": "x", "origin": [15, 29.79081, 6.09871]},
			"faces": {
				"north": {"uv": [4, 8, 5, 9], "texture": "#0"},
				"east": {"uv": [8, 4, 9, 5], "texture": "#0"},
				"south": {"uv": [5, 8, 6, 9], "texture": "#0"},
				"west": {"uv": [8, 5, 9, 6], "texture": "#0"},
				"up": {"uv": [7, 9, 6, 8], "texture": "#0"},
				"down": {"uv": [9, 6, 8, 7], "texture": "#0"}
			}
		},
		{
			"from": [7.5, 10.29081, 2.59871],
			"to": [8.5, 11.29081, 3.59871],
			"rotation": {"angle": -22.5, "axis": "x", "origin": [15, 29.79081, 6.09871]},
			"faces": {
				"north": {"uv": [7, 8, 8, 9], "texture": "#0"},
				"east": {"uv": [8, 7, 9, 8], "texture": "#0"},
				"south": {"uv": [8, 8, 9, 9], "texture": "#0"},
				"west": {"uv": [0, 9, 1, 10], "texture": "#0"},
				"up": {"uv": [10, 1, 9, 0], "texture": "#0"},
				"down": {"uv": [2, 9, 1, 10], "texture": "#0"}
			}
		},
		{
			"from": [8.5, 11.29081, 2.59871],
			"to": [9.5, 12.29081, 3.59871],
			"rotation": {"angle": -22.5, "axis": "x", "origin": [15, 29.79081, 6.09871]},
			"faces": {
				"north": {"uv": [9, 1, 10, 2], "texture": "#0"},
				"east": {"uv": [2, 9, 3, 10], "texture": "#0"},
				"south": {"uv": [9, 2, 10, 3], "texture": "#0"},
				"west": {"uv": [3, 9, 4, 10], "texture": "#0"},
				"up": {"uv": [10, 4, 9, 3], "texture": "#0"},
				"down": {"uv": [5, 9, 4, 10], "texture": "#0"}
			}
		},
		{
			"from": [7.5, 12.29081, 2.59871],
			"to": [8.5, 13.29081, 3.59871],
			"rotation": {"angle": -22.5, "axis": "x", "origin": [15, 29.79081, 6.09871]},
			"faces": {
				"north": {"uv": [9, 4, 10, 5], "texture": "#0"},
				"east": {"uv": [5, 9, 6, 10], "texture": "#0"},
				"south": {"uv": [9, 5, 10, 6], "texture": "#0"},
				"west": {"uv": [6, 9, 7, 10], "texture": "#0"},
				"up": {"uv": [10, 7, 9, 6], "texture": "#0"},
				"down": {"uv": [8, 9, 7, 10], "texture": "#0"}
			}
		},
		{
			"from": [6.5, 11.29081, 2.59871],
			"to": [7.5, 12.29081, 3.59871],
			"rotation": {"angle": -22.5, "axis": "x", "origin": [15, 29.79081, 6.09871]},
			"faces": {
				"north": {"uv": [9, 7, 10, 8], "texture": "#0"},
				"east": {"uv": [8, 9, 9, 10], "texture": "#0"},
				"south": {"uv": [9, 8, 10, 9], "texture": "#0"},
				"west": {"uv": [9, 9, 10, 10], "texture": "#0"},
				"up": {"uv": [1, 11, 0, 10], "texture": "#0"},
				"down": {"uv": [11, 0, 10, 1], "texture": "#0"}
			}
		},
		{
			"from": [7.5, 9.29081, 1.59871],
			"to": [8.5, 10.29081, 2.59871],
			"rotation": {"angle": -22.5, "axis": "x", "origin": [15, 29.79081, 6.09871]},
			"faces": {
				"north": {"uv": [1, 10, 2, 11], "texture": "#0"},
				"east": {"uv": [10, 1, 11, 2], "texture": "#0"},
				"south": {"uv": [2, 10, 3, 11], "texture": "#0"},
				"west": {"uv": [10, 2, 11, 3], "texture": "#0"},
				"up": {"uv": [4, 11, 3, 10], "texture": "#0"},
				"down": {"uv": [11, 3, 10, 4], "texture": "#0"}
			}
		},
		{
			"from": [8.5, 9.29081, 0.59871],
			"to": [9.5, 10.29081, 1.59871],
			"rotation": {"angle": -22.5, "axis": "x", "origin": [15, 29.79081, 6.09871]},
			"faces": {
				"north": {"uv": [4, 10, 5, 11], "texture": "#0"},
				"east": {"uv": [10, 4, 11, 5], "texture": "#0"},
				"south": {"uv": [5, 10, 6, 11], "texture": "#0"},
				"west": {"uv": [10, 5, 11, 6], "texture": "#0"},
				"up": {"uv": [7, 11, 6, 10], "texture": "#0"},
				"down": {"uv": [11, 6, 10, 7], "texture": "#0"}
			}
		},
		{
			"from": [7.5, 9.29081, -0.40129],
			"to": [8.5, 10.29081, 0.59871],
			"rotation": {"angle": -22.5, "axis": "x", "origin": [15, 29.79081, 6.09871]},
			"faces": {
				"north": {"uv": [7, 10, 8, 11], "texture": "#0"},
				"east": {"uv": [10, 7, 11, 8], "texture": "#0"},
				"south": {"uv": [8, 10, 9, 11], "texture": "#0"},
				"west": {"uv": [10, 8, 11, 9], "texture": "#0"},
				"up": {"uv": [10, 11, 9, 10], "texture": "#0"},
				"down": {"uv": [11, 9, 10, 10], "texture": "#0"}
			}
		},
		{
			"from": [6.5, 9.29081, 0.59871],
			"to": [7.5, 10.29081, 1.59871],
			"rotation": {"angle": -22.5, "axis": "x", "origin": [15, 29.79081, 6.09871]},
			"faces": {
				"north": {"uv": [10, 10, 11, 11], "texture": "#0"},
				"east": {"uv": [0, 11, 1, 12], "texture": "#0"},
				"south": {"uv": [11, 0, 12, 1], "texture": "#0"},
				"west": {"uv": [1, 11, 2, 12], "texture": "#0"},
				"up": {"uv": [12, 2, 11, 1], "texture": "#0"},
				"down": {"uv": [3, 11, 2, 12], "texture": "#0"}
			}
		},
		{
			"from": [7.5, 10.29081, -1.40129],
			"to": [8.5, 11.29081, -0.40129],
			"rotation": {"angle": -22.5, "axis": "x", "origin": [15, 29.79081, 6.09871]},
			"faces": {
				"north": {"uv": [11, 2, 12, 3], "texture": "#0"},
				"east": {"uv": [3, 11, 4, 12], "texture": "#0"},
				"south": {"uv": [11, 3, 12, 4], "texture": "#0"},
				"west": {"uv": [4, 11, 5, 12], "texture": "#0"},
				"up": {"uv": [12, 5, 11, 4], "texture": "#0"},
				"down": {"uv": [6, 11, 5, 12], "texture": "#0"}
			}
		},
		{
			"from": [8.5, 11.29081, -1.40129],
			"to": [9.5, 12.29081, -0.40129],
			"rotation": {"angle": -22.5, "axis": "x", "origin": [15, 29.79081, 6.09871]},
			"faces": {
				"north": {"uv": [11, 5, 12, 6], "texture": "#0"},
				"east": {"uv": [6, 11, 7, 12], "texture": "#0"},
				"south": {"uv": [11, 6, 12, 7], "texture": "#0"},
				"west": {"uv": [7, 11, 8, 12], "texture": "#0"},
				"up": {"uv": [12, 8, 11, 7], "texture": "#0"},
				"down": {"uv": [9, 11, 8, 12], "texture": "#0"}
			}
		},
		{
			"from": [7.5, 12.29081, -1.40129],
			"to": [8.5, 13.29081, -0.40129],
			"rotation": {"angle": -22.5, "axis": "x", "origin": [15, 29.79081, 6.09871]},
			"faces": {
				"north": {"uv": [11, 8, 12, 9], "texture": "#0"},
				"east": {"uv": [9, 11, 10, 12], "texture": "#0"},
				"south": {"uv": [11, 9, 12, 10], "texture": "#0"},
				"west": {"uv": [10, 11, 11, 12], "texture": "#0"},
				"up": {"uv": [12, 11, 11, 10], "texture": "#0"},
				"down": {"uv": [12, 11, 11, 12], "texture": "#0"}
			}
		},
		{
			"from": [6.5, 11.29081, -1.40129],
			"to": [7.5, 12.29081, -0.40129],
			"rotation": {"angle": -22.5, "axis": "x", "origin": [15, 29.79081, 6.09871]},
			"faces": {
				"north": {"uv": [0, 12, 1, 13], "texture": "#0"},
				"east": {"uv": [12, 0, 13, 1], "texture": "#0"},
				"south": {"uv": [1, 12, 2, 13], "texture": "#0"},
				"west": {"uv": [12, 1, 13, 2], "texture": "#0"},
				"up": {"uv": [3, 13, 2, 12], "texture": "#0"},
				"down": {"uv": [13, 2, 12, 3], "texture": "#0"}
			}
		},
		{
			"from": [5.5, 11.29081, -0.40129],
			"to": [6.5, 12.29081, 0.59871],
			"rotation": {"angle": -22.5, "axis": "x", "origin": [15, 29.79081, 6.09871]},
			"faces": {
				"north": {"uv": [3, 12, 4, 13], "texture": "#0"},
				"east": {"uv": [12, 3, 13, 4], "texture": "#0"},
				"south": {"uv": [4, 12, 5, 13], "texture": "#0"},
				"west": {"uv": [12, 4, 13, 5], "texture": "#0"},
				"up": {"uv": [6, 13, 5, 12], "texture": "#0"},
				"down": {"uv": [13, 5, 12, 6], "texture": "#0"}
			}
		},
		{
			"from": [5.5, 11.29081, 1.59871],
			"to": [6.5, 12.29081, 2.59871],
			"rotation": {"angle": -22.5, "axis": "x", "origin": [15, 29.79081, 6.09871]},
			"faces": {
				"north": {"uv": [6, 12, 7, 13], "texture": "#0"},
				"east": {"uv": [12, 6, 13, 7], "texture": "#0"},
				"south": {"uv": [7, 12, 8, 13], "texture": "#0"},
				"west": {"uv": [12, 7, 13, 8], "texture": "#0"},
				"up": {"uv": [9, 13, 8, 12], "texture": "#0"},
				"down": {"uv": [13, 8, 12, 9], "texture": "#0"}
			}
		},
		{
			"from": [5.5, 12.29081, 0.59871],
			"to": [6.5, 13.29081, 1.59871],
			"rotation": {"angle": -22.5, "axis": "x", "origin": [15, 29.79081, 6.09871]},
			"faces": {
				"north": {"uv": [9, 12, 10, 13], "texture": "#0"},
				"east": {"uv": [12, 9, 13, 10], "texture": "#0"},
				"south": {"uv": [10, 12, 11, 13], "texture": "#0"},
				"west": {"uv": [12, 10, 13, 11], "texture": "#0"},
				"up": {"uv": [12, 13, 11, 12], "texture": "#0"},
				"down": {"uv": [13, 11, 12, 12], "texture": "#0"}
			}
		},
		{
			"from": [5.5, 10.29081, 0.59871],
			"to": [6.5, 11.29081, 1.59871],
			"rotation": {"angle": -22.5, "axis": "x", "origin": [15, 29.79081, 6.09871]},
			"faces": {
				"north": {"uv": [12, 12, 13, 13], "texture": "#0"},
				"east": {"uv": [0, 13, 1, 14], "texture": "#0"},
				"south": {"uv": [13, 0, 14, 1], "texture": "#0"},
				"west": {"uv": [1, 13, 2, 14], "texture": "#0"},
				"up": {"uv": [14, 2, 13, 1], "texture": "#0"},
				"down": {"uv": [3, 13, 2, 14], "texture": "#0"}
			}
		},
		{
			"from": [9.5, 10.29081, 0.59871],
			"to": [10.5, 11.29081, 1.59871],
			"rotation": {"angle": -22.5, "axis": "x", "origin": [15, 29.79081, 6.09871]},
			"faces": {
				"north": {"uv": [13, 2, 14, 3], "texture": "#0"},
				"east": {"uv": [3, 13, 4, 14], "texture": "#0"},
				"south": {"uv": [13, 3, 14, 4], "texture": "#0"},
				"west": {"uv": [4, 13, 5, 14], "texture": "#0"},
				"up": {"uv": [14, 5, 13, 4], "texture": "#0"},
				"down": {"uv": [6, 13, 5, 14], "texture": "#0"}
			}
		},
		{
			"from": [9.5, 11.29081, 1.59871],
			"to": [10.5, 12.29081, 2.59871],
			"rotation": {"angle": -22.5, "axis": "x", "origin": [15, 29.79081, 6.09871]},
			"faces": {
				"north": {"uv": [13, 5, 14, 6], "texture": "#0"},
				"east": {"uv": [6, 13, 7, 14], "texture": "#0"},
				"south": {"uv": [13, 6, 14, 7], "texture": "#0"},
				"west": {"uv": [7, 13, 8, 14], "texture": "#0"},
				"up": {"uv": [14, 8, 13, 7], "texture": "#0"},
				"down": {"uv": [9, 13, 8, 14], "texture": "#0"}
			}
		},
		{
			"from": [9.5, 12.29081, 0.59871],
			"to": [10.5, 13.29081, 1.59871],
			"rotation": {"angle": -22.5, "axis": "x", "origin": [15, 29.79081, 6.09871]},
			"faces": {
				"north": {"uv": [13, 8, 14, 9], "texture": "#0"},
				"east": {"uv": [9, 13, 10, 14], "texture": "#0"},
				"south": {"uv": [13, 9, 14, 10], "texture": "#0"},
				"west": {"uv": [10, 13, 11, 14], "texture": "#0"},
				"up": {"uv": [14, 11, 13, 10], "texture": "#0"},
				"down": {"uv": [12, 13, 11, 14], "texture": "#0"}
			}
		},
		{
			"from": [9.5, 11.29081, -0.40129],
			"to": [10.5, 12.29081, 0.59871],
			"rotation": {"angle": -22.5, "axis": "x", "origin": [15, 29.79081, 6.09871]},
			"faces": {
				"north": {"uv": [13, 11, 14, 12], "texture": "#0"},
				"east": {"uv": [12, 13, 13, 14], "texture": "#0"},
				"south": {"uv": [13, 12, 14, 13], "texture": "#0"},
				"west": {"uv": [13, 13, 14, 14], "texture": "#0"},
				"up": {"uv": [1, 15, 0, 14], "texture": "#0"},
				"down": {"uv": [15, 0, 14, 1], "texture": "#0"}
			}
		}
	],
	"display": {
		"thirdperson_righthand": {
			"translation": [0, -2.75, 1.5]
		},
		"thirdperson_lefthand": {
			"translation": [0, -2.75, 1.5]
		},
		"firstperson_righthand": {
			"rotation": [-8, 0, 0],
			"translation": [2, -0.25, 0]
		},
		"firstperson_lefthand": {
			"rotation": [-8, 0, 0],
			"translation": [2, -0.25, 0]
		},
		"ground": {
			"rotation": [0, 0, 90],
			"translation": [3.75, -3, -0.75]
		},
		"gui": {
			"rotation": [0, 45, 0],
			"translation": [-0.75, -8, 0],
			"scale": [2.5, 2.5, 2.5]
		},
		"head": {
			"rotation": [0, 90, 0],
			"translation": [-0.75, 5.25, 0]
		},
		"fixed": {
			"rotation": [0, 90, 0],
			"translation": [-1, -9, -2.25],
			"scale": [3, 3, 3]
		}
	},
	"groups": [
		{
			"name": "Fire",
			"origin": [8, 8, 8],
			"color": 0,
			"children": [
				0,
				{
					"name": "Flame",
					"origin": [8, 8, 8],
					"color": 0,
					"children": [1, 2, 3, 4, 5, 6, 7, 8, 9, 10, 11, 12, 13, 14, 15, 16, 17, 18, 19, 20, 21, 22, 23, 24]
				}
			]
		}
	]
}