{
	"credit": "Made with Blockbench",
	"texture_size": [64, 64],
	"textures": {
		"0": "item/netherite_sword/lime_slayer/handle",
		"1": "item/netherite_sword/lime_slayer/blade",
		"particle": "item/netherite_sword/lime_slayer/blade"
	},
	"elements": [
		{
			"from": [6.5, 0, 6.5],
			"to": [9.5, 3, 9.5],
			"faces": {
				"north": {"uv": [0, 0, 3, 3], "texture": "#0"},
				"east": {"uv": [0, 0, 3, 3], "texture": "#0"},
				"south": {"uv": [0, 0, 3, 3], "texture": "#0"},
				"west": {"uv": [0, 0, 3, 3], "texture": "#0"},
				"up": {"uv": [3, 3, 0, 0], "texture": "#0"},
				"down": {"uv": [3, 0, 0, 3], "texture": "#0"}
			}
		},
		{
			"from": [7.5, 3, 6.5],
			"to": [8.5, 11, 9.5],
			"faces": {
				"north": {"uv": [15, 0, 16, 8], "texture": "#0"},
				"east": {"uv": [15, 0, 16, 8], "texture": "#0"},
				"south": {"uv": [15, 0, 16, 8], "texture": "#0"},
				"west": {"uv": [15, 0, 16, 8], "texture": "#0"},
				"up": {"uv": [16, 1, 15, 0], "texture": "#0"},
				"down": {"uv": [16, 0, 15, 1], "texture": "#0"}
			}
		},
		{
			"from": [7.5, 10, 9.5],
			"to": [8.5, 11, 10.5],
			"faces": {
				"north": {"uv": [15, 0, 16, 8], "texture": "#0"},
				"east": {"uv": [15, 0, 16, 8], "texture": "#0"},
				"south": {"uv": [15, 0, 16, 8], "texture": "#0"},
				"west": {"uv": [15, 0, 16, 8], "texture": "#0"},
				"up": {"uv": [16, 1, 15, 0], "texture": "#0"},
				"down": {"uv": [16, 0, 15, 1], "texture": "#0"}
			}
		},
		{
			"from": [7.5, 10, 5.5],
			"to": [8.5, 11, 6.5],
			"faces": {
				"north": {"uv": [15, 0, 16, 8], "texture": "#0"},
				"east": {"uv": [15, 0, 16, 8], "texture": "#0"},
				"south": {"uv": [15, 0, 16, 8], "texture": "#0"},
				"west": {"uv": [15, 0, 16, 8], "texture": "#0"},
				"up": {"uv": [16, 1, 15, 0], "texture": "#0"},
				"down": {"uv": [16, 0, 15, 1], "texture": "#0"}
			}
		},
		{
			"from": [7, 11, 7.5],
			"to": [8, 23, 8.5],
			"faces": {
				"north": {"uv": [0, 0, 0.25, 3], "texture": "#1"},
				"east": {"uv": [0.25, 0, 0.5, 3], "texture": "#1"},
				"south": {"uv": [0.5, 0, 0.75, 3], "texture": "#1"},
				"west": {"uv": [0.75, 0, 1, 3], "texture": "#1"},
				"up": {"uv": [7, 0.25, 6.75, 0], "texture": "#1"},
				"down": {"uv": [7, 0.25, 6.75, 0.5], "texture": "#1"}
			}
		},
		{
			"from": [8, 11, 7.5],
			"to": [9, 23, 8.5],
			"faces": {
				"north": {"uv": [1, 0, 1.25, 3], "texture": "#1"},
				"east": {"uv": [1.25, 0, 1.5, 3], "texture": "#1"},
				"south": {"uv": [1.5, 0, 1.75, 3], "texture": "#1"},
				"west": {"uv": [1.75, 0, 2, 3], "texture": "#1"},
				"up": {"uv": [7, 0.75, 6.75, 0.5], "texture": "#1"},
				"down": {"uv": [7, 0.75, 6.75, 1], "texture": "#1"}
			}
		},
		{
			"from": [9, 12, 7.5],
			"to": [10, 22, 8.5],
			"faces": {
				"north": {"uv": [2, 0, 2.25, 2.5], "texture": "#1"},
				"east": {"uv": [2.25, 0, 2.5, 2.5], "texture": "#1"},
				"south": {"uv": [2.5, 0, 2.75, 2.5], "texture": "#1"},
				"west": {"uv": [2, 2.5, 2.25, 5], "texture": "#1"},
				"up": {"uv": [7, 1.25, 6.75, 1], "texture": "#1"},
				"down": {"uv": [7, 1.25, 6.75, 1.5], "texture": "#1"}
			}
		},
		{
			"from": [6, 12, 7.5],
			"to": [7, 22, 8.5],
			"faces": {
				"north": {"uv": [2.25, 2.5, 2.5, 5], "texture": "#1"},
				"east": {"uv": [2.5, 2.5, 2.75, 5], "texture": "#1"},
				"south": {"uv": [2.75, 0, 3, 2.5], "texture": "#1"},
				"west": {"uv": [2.75, 2.5, 3, 5], "texture": "#1"},
				"up": {"uv": [7, 1.75, 6.75, 1.5], "texture": "#1"},
				"down": {"uv": [7, 1.75, 6.75, 2], "texture": "#1"}
			}
		},
		{
			"from": [8, 11, 6.5],
			"to": [9, 21, 7.5],
			"faces": {
				"north": {"uv": [0, 3, 0.25, 5.5], "texture": "#1"},
				"east": {"uv": [3, 0, 3.25, 2.5], "texture": "#1"},
				"south": {"uv": [0.25, 3, 0.5, 5.5], "texture": "#1"},
				"west": {"uv": [0.5, 3, 0.75, 5.5], "texture": "#1"},
				"up": {"uv": [7, 2.25, 6.75, 2], "texture": "#1"},
				"down": {"uv": [7, 2.25, 6.75, 2.5], "texture": "#1"}
			}
		},
		{
			"from": [7, 11, 6.5],
			"to": [8, 21, 7.5],
			"faces": {
				"north": {"uv": [0.75, 3, 1, 5.5], "texture": "#1"},
				"east": {"uv": [1, 3, 1.25, 5.5], "texture": "#1"},
				"south": {"uv": [1.25, 3, 1.5, 5.5], "texture": "#1"},
				"west": {"uv": [1.5, 3, 1.75, 5.5], "texture": "#1"},
				"up": {"uv": [7, 2.75, 6.75, 2.5], "texture": "#1"},
				"down": {"uv": [7, 2.75, 6.75, 3], "texture": "#1"}
			}
		},
		{
			"from": [7, 11, 8.5],
			"to": [8, 21, 9.5],
			"faces": {
				"north": {"uv": [1.75, 3, 2, 5.5], "texture": "#1"},
				"east": {"uv": [3, 2.5, 3.25, 5], "texture": "#1"},
				"south": {"uv": [3.25, 0, 3.5, 2.5], "texture": "#1"},
				"west": {"uv": [3.25, 2.5, 3.5, 5], "texture": "#1"},
				"up": {"uv": [7, 3.25, 6.75, 3], "texture": "#1"},
				"down": {"uv": [7, 3.25, 6.75, 3.5], "texture": "#1"}
			}
		},
		{
			"from": [8, 11, 8.5],
			"to": [9, 21, 9.5],
			"faces": {
				"north": {"uv": [3.5, 0, 3.75, 2.5], "texture": "#1"},
				"east": {"uv": [3.5, 2.5, 3.75, 5], "texture": "#1"},
				"south": {"uv": [3.75, 0, 4, 2.5], "texture": "#1"},
				"west": {"uv": [3.75, 2.5, 4, 5], "texture": "#1"},
				"up": {"uv": [7, 3.75, 6.75, 3.5], "texture": "#1"},
				"down": {"uv": [7, 3.75, 6.75, 4], "texture": "#1"}
			}
		},
		{
			"from": [9, 12, 8.5],
			"to": [10, 20, 9.5],
			"faces": {
				"north": {"uv": [2.5, 5, 2.75, 7], "texture": "#1"},
				"east": {"uv": [2.75, 5, 3, 7], "texture": "#1"},
				"south": {"uv": [3, 5, 3.25, 7], "texture": "#1"},
				"west": {"uv": [3.25, 5, 3.5, 7], "texture": "#1"},
				"up": {"uv": [4.25, 7, 4, 6.75], "texture": "#1"},
				"down": {"uv": [7, 4, 6.75, 4.25], "texture": "#1"}
			}
		},
		{
			"from": [9, 12, 6.5],
			"to": [10, 20, 7.5],
			"faces": {
				"north": {"uv": [3.5, 5, 3.75, 7], "texture": "#1"},
				"east": {"uv": [3.75, 5, 4, 7], "texture": "#1"},
				"south": {"uv": [5, 4.5, 5.25, 6.5], "texture": "#1"},
				"west": {"uv": [5.25, 0, 5.5, 2], "texture": "#1"},
				"up": {"uv": [4.5, 7, 4.25, 6.75], "texture": "#1"},
				"down": {"uv": [7, 4.25, 6.75, 4.5], "texture": "#1"}
			}
		},
		{
			"from": [6, 12, 6.5],
			"to": [7, 20, 7.5],
			"faces": {
				"north": {"uv": [5.25, 2, 5.5, 4], "texture": "#1"},
				"east": {"uv": [5.25, 4, 5.5, 6], "texture": "#1"},
				"south": {"uv": [0, 5.5, 0.25, 7.5], "texture": "#1"},
				"west": {"uv": [5.5, 0, 5.75, 2], "texture": "#1"},
				"up": {"uv": [4.75, 7, 4.5, 6.75], "texture": "#1"},
				"down": {"uv": [7, 4.5, 6.75, 4.75], "texture": "#1"}
			}
		},
		{
			"from": [6, 12, 8.5],
			"to": [7, 20, 9.5],
			"faces": {
				"north": {"uv": [0.25, 5.5, 0.5, 7.5], "texture": "#1"},
				"east": {"uv": [0.5, 5.5, 0.75, 7.5], "texture": "#1"},
				"south": {"uv": [0.75, 5.5, 1, 7.5], "texture": "#1"},
				"west": {"uv": [1, 5.5, 1.25, 7.5], "texture": "#1"},
				"up": {"uv": [5, 7, 4.75, 6.75], "texture": "#1"},
				"down": {"uv": [7, 4.75, 6.75, 5], "texture": "#1"}
			}
		},
		{
			"from": [8, 11, 9.5],
			"to": [9, 20, 10.5],
			"faces": {
				"north": {"uv": [4, 0, 4.25, 2.25], "texture": "#1"},
				"east": {"uv": [4, 2.25, 4.25, 4.5], "texture": "#1"},
				"south": {"uv": [4.25, 0, 4.5, 2.25], "texture": "#1"},
				"west": {"uv": [4.25, 2.25, 4.5, 4.5], "texture": "#1"},
				"up": {"uv": [7, 5.25, 6.75, 5], "texture": "#1"},
				"down": {"uv": [7, 5.25, 6.75, 5.5], "texture": "#1"}
			}
		},
		{
			"from": [7, 11, 9.5],
			"to": [8, 20, 10.5],
			"faces": {
				"north": {"uv": [4.5, 0, 4.75, 2.25], "texture": "#1"},
				"east": {"uv": [4.5, 2.25, 4.75, 4.5], "texture": "#1"},
				"south": {"uv": [4, 4.5, 4.25, 6.75], "texture": "#1"},
				"west": {"uv": [4.25, 4.5, 4.5, 6.75], "texture": "#1"},
				"up": {"uv": [7, 5.75, 6.75, 5.5], "texture": "#1"},
				"down": {"uv": [7, 5.75, 6.75, 6], "texture": "#1"}
			}
		},
		{
			"from": [7.5, 11.5, 10.5],
			"to": [8.5, 19.5, 11.5],
			"faces": {
				"north": {"uv": [1.25, 5.5, 1.5, 7.5], "texture": "#1"},
				"east": {"uv": [1.5, 5.5, 1.75, 7.5], "texture": "#1"},
				"south": {"uv": [1.75, 5.5, 2, 7.5], "texture": "#1"},
				"west": {"uv": [5.5, 2, 5.75, 4], "texture": "#1"},
				"up": {"uv": [7, 6.25, 6.75, 6], "texture": "#1"},
				"down": {"uv": [7, 6.25, 6.75, 6.5], "texture": "#1"}
			}
		},
		{
			"from": [7.5, 11.5, 4.5],
			"to": [8.5, 19.5, 5.5],
			"faces": {
				"north": {"uv": [5.5, 4, 5.75, 6], "texture": "#1"},
				"east": {"uv": [5.75, 0, 6, 2], "texture": "#1"},
				"south": {"uv": [5.75, 2, 6, 4], "texture": "#1"},
				"west": {"uv": [5.75, 4, 6, 6], "texture": "#1"},
				"up": {"uv": [7, 6.75, 6.75, 6.5], "texture": "#1"},
				"down": {"uv": [7, 6.75, 6.75, 7], "texture": "#1"}
			}
		},
		{
			"from": [7, 11, 5.5],
			"to": [8, 20, 6.5],
			"faces": {
				"north": {"uv": [4.5, 4.5, 4.75, 6.75], "texture": "#1"},
				"east": {"uv": [4.75, 0, 5, 2.25], "texture": "#1"},
				"south": {"uv": [4.75, 2.25, 5, 4.5], "texture": "#1"},
				"west": {"uv": [4.75, 4.5, 5, 6.75], "texture": "#1"},
				"up": {"uv": [7.25, 0.25, 7, 0], "texture": "#1"},
				"down": {"uv": [7.25, 0.25, 7, 0.5], "texture": "#1"}
			}
		},
		{
			"from": [8, 11, 5.5],
			"to": [9, 20, 6.5],
			"faces": {
				"north": {"uv": [5, 0, 5.25, 2.25], "texture": "#1"},
				"east": {"uv": [2, 5, 2.25, 7.25], "texture": "#1"},
				"south": {"uv": [2.25, 5, 2.5, 7.25], "texture": "#1"},
				"west": {"uv": [5, 2.25, 5.25, 4.5], "texture": "#1"},
				"up": {"uv": [7.25, 0.75, 7, 0.5], "texture": "#1"},
				"down": {"uv": [7.25, 0.75, 7, 1], "texture": "#1"}
			}
		},
		{
			"from": [9, 12, 5.5],
			"to": [10, 19, 6.5],
			"faces": {
				"north": {"uv": [6, 0, 6.25, 1.75], "texture": "#1"},
				"east": {"uv": [6, 1.75, 6.25, 3.5], "texture": "#1"},
				"south": {"uv": [6, 3.5, 6.25, 5.25], "texture": "#1"},
				"west": {"uv": [5.25, 6, 5.5, 7.75], "texture": "#1"},
				"up": {"uv": [7.25, 1.25, 7, 1], "texture": "#1"},
				"down": {"uv": [7.25, 1.25, 7, 1.5], "texture": "#1"}
			}
		},
		{
			"from": [9, 12, 9.5],
			"to": [10, 19, 10.5],
			"faces": {
				"north": {"uv": [6, 5.25, 6.25, 7], "texture": "#1"},
				"east": {"uv": [5.5, 6, 5.75, 7.75], "texture": "#1"},
				"south": {"uv": [5.75, 6, 6, 7.75], "texture": "#1"},
				"west": {"uv": [6.25, 0, 6.5, 1.75], "texture": "#1"},
				"up": {"uv": [7.25, 1.75, 7, 1.5], "texture": "#1"},
				"down": {"uv": [7.25, 1.75, 7, 2], "texture": "#1"}
			}
		},
		{
			"from": [6, 12, 9.5],
			"to": [7, 19, 10.5],
			"faces": {
				"north": {"uv": [6.25, 1.75, 6.5, 3.5], "texture": "#1"},
				"east": {"uv": [6.25, 3.5, 6.5, 5.25], "texture": "#1"},
				"south": {"uv": [6.25, 5.25, 6.5, 7], "texture": "#1"},
				"west": {"uv": [6.5, 0, 6.75, 1.75], "texture": "#1"},
				"up": {"uv": [7.25, 2.25, 7, 2], "texture": "#1"},
				"down": {"uv": [7.25, 2.25, 7, 2.5], "texture": "#1"}
			}
		},
		{
			"from": [6, 12, 5.5],
			"to": [7, 19, 6.5],
			"faces": {
				"north": {"uv": [6.5, 1.75, 6.75, 3.5], "texture": "#1"},
				"east": {"uv": [6.5, 3.5, 6.75, 5.25], "texture": "#1"},
				"south": {"uv": [5, 6.5, 5.25, 8.25], "texture": "#1"},
				"west": {"uv": [6.5, 5.25, 6.75, 7], "texture": "#1"},
				"up": {"uv": [2.75, 7.25, 2.5, 7], "texture": "#1"},
				"down": {"uv": [7.25, 2.5, 7, 2.75], "texture": "#1"}
			}
		}
	],
	"display": {
		"thirdperson_righthand": {
			"translation": [0, 0, 2.25]
		},
		"thirdperson_lefthand": {
			"translation": [0, 0, 2.25]
		},
		"firstperson_righthand": {
			"translation": [0.5, 2, 0.5],
			"scale": [0.5, 0.5, 0.5]
		},
		"firstperson_lefthand": {
			"translation": [0.5, 2, 0.5],
			"scale": [0.5, 0.5, 0.5]
		},
		"ground": {
			"rotation": [90, 90, 0],
			"translation": [0, 0, -2]
		},
		"gui": {
			"translation": [0, -2, 0],
			"scale": [0.65, 0.65, 0.65]
		},
		"head": {
			"rotation": [90, 45, 90],
			"translation": [10.5, 10.5, -0.25]
		},
		"fixed": {
			"rotation": [0, 90, 0],
			"translation": [0, 0, -1.5]
		}
	},
	"groups": [
		{
			"name": "Handle",
			"origin": [8, 8, 8],
			"color": 0,
			"children": [0, 1, 2, 3]
		},
		{
			"name": "Blade",
			"origin": [8, 8, 8],
			"color": 6,
			"children": [4, 5, 6, 7, 8, 9, 10, 11, 12, 13, 14, 15, 16, 17, 18, 19, 20, 21, 22, 23, 24, 25]
		}
	]
}