{
	"credit": "Made with Blockbench",
	"textures": {
		"3": "item/carrot_on_a_stick/poison_wand/poison",
		"particle": "item/carrot_on_a_stick/poison_wand/poison"
	},
	"elements": [
		{
			"from": [7, 29, -4.5],
			"to": [9, 31, -2.5],
			"rotation": {"angle": 22.5, "axis": "x", "origin": [0, 0, 0]},
			"faces": {
				"north": {"uv": [0, 0, 2, 2], "texture": "#3"},
				"east": {"uv": [0, 0, 2, 2], "texture": "#3"},
				"south": {"uv": [0, 0, 2, 2], "texture": "#3"},
				"west": {"uv": [0, 0, 2, 2], "texture": "#3"},
				"up": {"uv": [2, 2, 0, 0], "texture": "#3"},
				"down": {"uv": [2, 0, 0, 2], "texture": "#3"}
			}
		},
		{
			"from": [9, 29.5, -3.5],
			"to": [9.5, 30.5, -3.5],
			"rotation": {"angle": 22.5, "axis": "x", "origin": [0, 0, 0]},
			"faces": {
				"north": {"uv": [0, 0, 2, 2], "texture": "#3"},
				"east": {"uv": [0, 0, 2, 2], "texture": "#3"},
				"south": {"uv": [0, 0, 2, 2], "texture": "#3"},
				"west": {"uv": [0, 0, 2, 2], "texture": "#3"},
				"up": {"uv": [2, 2, 0, 0], "texture": "#3"},
				"down": {"uv": [2, 0, 0, 2], "texture": "#3"}
			}
		},
		{
			"from": [6.5, 29.5, -3.5],
			"to": [7, 30.5, -3.5],
			"rotation": {"angle": 22.5, "axis": "x", "origin": [0, 0, 0]},
			"faces": {
				"north": {"uv": [0, 0, 2, 2], "texture": "#3"},
				"east": {"uv": [0, 0, 2, 2], "texture": "#3"},
				"south": {"uv": [0, 0, 2, 2], "texture": "#3"},
				"west": {"uv": [0, 0, 2, 2], "texture": "#3"},
				"up": {"uv": [2, 2, 0, 0], "texture": "#3"},
				"down": {"uv": [2, 0, 0, 2], "texture": "#3"}
			}
		},
		{
			"from": [8, 29.5, -5],
			"to": [8, 30.5, -4.5],
			"rotation": {"angle": 22.5, "axis": "x", "origin": [0, 0, 0]},
			"faces": {
				"north": {"uv": [0, 0, 2, 2], "texture": "#3"},
				"east": {"uv": [0, 0, 2, 2], "texture": "#3"},
				"south": {"uv": [0, 0, 2, 2], "texture": "#3"},
				"west": {"uv": [0, 0, 2, 2], "texture": "#3"},
				"up": {"uv": [2, 2, 0, 0], "texture": "#3"},
				"down": {"uv": [2, 0, 0, 2], "texture": "#3"}
			}
		},
		{
			"from": [8, 29.5, -2.5],
			"to": [8, 30.5, -2],
			"rotation": {"angle": 22.5, "axis": "x", "origin": [0, 0, 0]},
			"faces": {
				"north": {"uv": [0, 0, 2, 2], "texture": "#3"},
				"east": {"uv": [0, 0, 2, 2], "texture": "#3"},
				"south": {"uv": [0, 0, 2, 2], "texture": "#3"},
				"west": {"uv": [0, 0, 2, 2], "texture": "#3"},
				"up": {"uv": [2, 2, 0, 0], "texture": "#3"},
				"down": {"uv": [2, 0, 0, 2], "texture": "#3"}
			}
		},
		{
			"from": [8, 31, -4],
			"to": [8, 31.5, -3],
			"rotation": {"angle": 22.5, "axis": "x", "origin": [0, 0, 0]},
			"faces": {
				"north": {"uv": [0, 0, 2, 2], "texture": "#3"},
				"east": {"uv": [0, 0, 2, 2], "texture": "#3"},
				"south": {"uv": [0, 0, 2, 2], "texture": "#3"},
				"west": {"uv": [0, 0, 2, 2], "texture": "#3"},
				"up": {"uv": [2, 2, 0, 0], "texture": "#3"},
				"down": {"uv": [2, 0, 0, 2], "texture": "#3"}
			}
		},
		{
			"from": [8, 28.5, -4],
			"to": [8, 29, -3],
			"rotation": {"angle": 22.5, "axis": "x", "origin": [0, 0, 0]},
			"faces": {
				"north": {"uv": [0, 0, 2, 2], "texture": "#3"},
				"east": {"uv": [0, 0, 2, 2], "texture": "#3"},
				"south": {"uv": [0, 0, 2, 2], "texture": "#3"},
				"west": {"uv": [0, 0, 2, 2], "texture": "#3"},
				"up": {"uv": [2, 2, 0, 0], "texture": "#3"},
				"down": {"uv": [2, 0, 0, 2], "texture": "#3"}
			}
		}
	],
	"display": {
		"thirdperson_righthand": {
			"translation": [0, -20.75, 1.5]
		},
		"thirdperson_lefthand": {
			"translation": [0, -20.75, 1.5]
		},
		"firstperson_righthand": {
			"rotation": [-8, 0, 0],
			"translation": [5, -20, 0]
		},
		"firstperson_lefthand": {
			"rotation": [-8, 0, 0],
			"translation": [5, -20, 0]
		},
		"ground": {
			"rotation": [0, 0, 90],
			"translation": [41.75, -3, -0.5],
			"scale": [2, 2, 2]
		},
		"gui": {
			"rotation": [0, 90, 0],
			"translation": [-0.5, -63, 0],
			"scale": [3, 3, 3]
		},
		"head": {
			"translation": [0, -75.5, 0],
			"scale": [4, 4, 4]
		},
		"fixed": {
			"translation": [0, -80, -2.25],
			"scale": [4, 4, 4]
		}
	},
	"groups": [
		{
			"name": "Wind",
			"origin": [8, 8, 8],
			"color": 0,
			"children": [0, 1, 2, 3, 4, 5, 6]
		}
	]
}