{
	"credit": "Made with Blockbench",
	"textures": {
		"3": "item/carrot_on_a_stick/wind_wand/wind",
		"particle": "item/carrot_on_a_stick/wind_wand/wind"
	},
	"elements": [
		{
			"from": [7, 6, 5.5],
			"to": [9, 8, 7.5],
			"rotation": {"angle": 22.5, "axis": "x", "origin": [0, 0, 0]},
			"faces": {
				"north": {"uv": [0, 0, 2, 2], "texture": "#3"},
				"east": {"uv": [0, 0, 2, 2], "texture": "#3"},
				"south": {"uv": [0, 0, 2, 2], "texture": "#3"},
				"west": {"uv": [0, 0, 2, 2], "texture": "#3"},
				"up": {"uv": [2, 2, 0, 0], "texture": "#3"},
				"down": {"uv": [2, 0, 0, 2], "texture": "#3"}
			}
		},
		{
			"from": [9, 6.5, 6.5],
			"to": [10, 7.5, 6.5],
			"rotation": {"angle": 22.5, "axis": "x", "origin": [0, 0, 0]},
			"faces": {
				"north": {"uv": [0, 0, 2, 2], "texture": "#3"},
				"east": {"uv": [0, 0, 2, 2], "texture": "#3"},
				"south": {"uv": [0, 0, 2, 2], "texture": "#3"},
				"west": {"uv": [0, 0, 2, 2], "texture": "#3"},
				"up": {"uv": [2, 2, 0, 0], "texture": "#3"},
				"down": {"uv": [2, 0, 0, 2], "texture": "#3"}
			}
		},
		{
			"from": [6, 6.5, 6.5],
			"to": [7, 7.5, 6.5],
			"rotation": {"angle": 22.5, "axis": "x", "origin": [0, 0, 0]},
			"faces": {
				"north": {"uv": [0, 0, 2, 2], "texture": "#3"},
				"east": {"uv": [0, 0, 2, 2], "texture": "#3"},
				"south": {"uv": [0, 0, 2, 2], "texture": "#3"},
				"west": {"uv": [0, 0, 2, 2], "texture": "#3"},
				"up": {"uv": [2, 2, 0, 0], "texture": "#3"},
				"down": {"uv": [2, 0, 0, 2], "texture": "#3"}
			}
		},
		{
			"from": [8, 6.5, 4.5],
			"to": [8, 7.5, 5.5],
			"rotation": {"angle": 22.5, "axis": "x", "origin": [0, 0, 0]},
			"faces": {
				"north": {"uv": [0, 0, 2, 2], "texture": "#3"},
				"east": {"uv": [0, 0, 2, 2], "texture": "#3"},
				"south": {"uv": [0, 0, 2, 2], "texture": "#3"},
				"west": {"uv": [0, 0, 2, 2], "texture": "#3"},
				"up": {"uv": [2, 2, 0, 0], "texture": "#3"},
				"down": {"uv": [2, 0, 0, 2], "texture": "#3"}
			}
		},
		{
			"from": [8, 6.5, 7.5],
			"to": [8, 7.5, 8.5],
			"rotation": {"angle": 22.5, "axis": "x", "origin": [0, 0, 0]},
			"faces": {
				"north": {"uv": [0, 0, 2, 2], "texture": "#3"},
				"east": {"uv": [0, 0, 2, 2], "texture": "#3"},
				"south": {"uv": [0, 0, 2, 2], "texture": "#3"},
				"west": {"uv": [0, 0, 2, 2], "texture": "#3"},
				"up": {"uv": [2, 2, 0, 0], "texture": "#3"},
				"down": {"uv": [2, 0, 0, 2], "texture": "#3"}
			}
		},
		{
			"from": [8, 8, 6],
			"to": [8, 9, 7],
			"rotation": {"angle": 22.5, "axis": "x", "origin": [0, 0, 0]},
			"faces": {
				"north": {"uv": [0, 0, 2, 2], "texture": "#3"},
				"east": {"uv": [0, 0, 2, 2], "texture": "#3"},
				"south": {"uv": [0, 0, 2, 2], "texture": "#3"},
				"west": {"uv": [0, 0, 2, 2], "texture": "#3"},
				"up": {"uv": [2, 2, 0, 0], "texture": "#3"},
				"down": {"uv": [2, 0, 0, 2], "texture": "#3"}
			}
		},
		{
			"from": [8, 5, 6],
			"to": [8, 6, 7],
			"rotation": {"angle": 22.5, "axis": "x", "origin": [0, 0, 0]},
			"faces": {
				"north": {"uv": [0, 0, 2, 2], "texture": "#3"},
				"east": {"uv": [0, 0, 2, 2], "texture": "#3"},
				"south": {"uv": [0, 0, 2, 2], "texture": "#3"},
				"west": {"uv": [0, 0, 2, 2], "texture": "#3"},
				"up": {"uv": [2, 2, 0, 0], "texture": "#3"},
				"down": {"uv": [2, 0, 0, 2], "texture": "#3"}
			}
		}
	],
	"display": {
		"thirdperson_righthand": {
			"translation": [0, 4.5, 1.5]
		},
		"thirdperson_lefthand": {
			"translation": [0, 4.5, 1.5]
		},
		"firstperson_righthand": {
			"rotation": [-8, 0, 0],
			"translation": [2, 7.75, 0]
		},
		"firstperson_lefthand": {
			"rotation": [-8, 0, 0],
			"translation": [2, 7.75, 0]
		},
		"ground": {
			"rotation": [0, 0, 90],
			"translation": [-4, -3, -0.5]
		},
		"gui": {
			"rotation": [0, 90, 0],
			"translation": [-1.25, 8, 0],
			"scale": [2, 2, 2]
		},
		"head": {
			"translation": [-0.25, 21, -3],
			"scale": [4, 4, 4]
		},
		"fixed": {
			"rotation": [0, 90, 0],
			"translation": [-2.25, 12.75, -2.25],
			"scale": [3, 3, 3]
		}
	},
	"groups": [
		{
			"name": "Wind",
			"origin": [8, 8, 8],
			"color": 0,
			"children": [0, 1, 2, 3, 4, 5, 6]
		}
	]
}