{
	"parent": "item/handheld",
	"textures": {
		"layer0": "item/carrot_on_a_stick"
	},
	
	"overrides": [
		{"predicate": {"custom_model_data":1}, "model": "item/firecore"},
		{"predicate": {"custom_model_data":2}, "model": "item/windcore"},
		{"predicate": {"custom_model_data":3}, "model": "item/cutrock"},
		{"predicate": {"custom_model_data":4}, "model": "item/waterdrop"},
		{"predicate": {"custom_model_data":5}, "model": "item/lightningcore"},
		{"predicate": {"custom_model_data":6}, "model": "item/poisoncore"},
		{"predicate": {"custom_model_data":7}, "model": "item/voidcore"}
	]
}