{
	"credit": "Made with Blockbench",
	"textures": {
		"3": "item/carrot_on_a_stick/lightning_wand/bolt",
		"particle": "item/carrot_on_a_stick/lightning_wand/bolt"
	},
	"elements": [
		{
			"from": [8, 28, -3],
			"to": [8, 29, -2],
			"rotation": {"angle": 22.5, "axis": "x", "origin": [0, 0, 0]},
			"faces": {
				"north": {"uv": [0, 0, 0, 1], "texture": "#3"},
				"east": {"uv": [0, 2, 1, 3], "texture": "#3"},
				"south": {"uv": [0, 0, 0, 1], "texture": "#3"},
				"west": {"uv": [1, 2, 2, 3], "texture": "#3"},
				"up": {"uv": [0, 1, 0, 0], "texture": "#3"},
				"down": {"uv": [0, 0, 0, 1], "texture": "#3"}
			}
		},
		{
			"from": [8, 30, -5],
			"to": [8, 31, -4],
			"rotation": {"angle": 22.5, "axis": "x", "origin": [0, 0, 0]},
			"faces": {
				"north": {"uv": [0, 0, 0, 1], "texture": "#3"},
				"east": {"uv": [2, 2, 3, 3], "texture": "#3"},
				"south": {"uv": [0, 0, 0, 1], "texture": "#3"},
				"west": {"uv": [0, 3, 1, 4], "texture": "#3"},
				"up": {"uv": [0, 1, 0, 0], "texture": "#3"},
				"down": {"uv": [0, 0, 0, 1], "texture": "#3"}
			}
		},
		{
			"from": [8, 29, -5],
			"to": [8, 30, -2],
			"rotation": {"angle": 22.5, "axis": "x", "origin": [0, 0, 0]},
			"faces": {
				"north": {"uv": [0, 0, 0, 1], "texture": "#3"},
				"east": {"uv": [0, 0, 3, 1], "texture": "#3"},
				"south": {"uv": [0, 0, 0, 1], "texture": "#3"},
				"west": {"uv": [0, 1, 3, 2], "texture": "#3"},
				"up": {"uv": [0, 3, 0, 0], "texture": "#3"},
				"down": {"uv": [0, 0, 0, 3], "texture": "#3"}
			}
		}
	],
	"display": {
		"thirdperson_righthand": {
			"translation": [0, -19, 1.5]
		},
		"thirdperson_lefthand": {
			"translation": [0, -19, 1.5]
		},
		"firstperson_righthand": {
			"rotation": [-8, 0, 0],
			"translation": [5.75, -8.75, 0],
			"scale": [0.5, 0.5, 0.5]
		},
		"firstperson_lefthand": {
			"rotation": [-8, 0, 0],
			"translation": [5.75, -8.75, 0],
			"scale": [0.5, 0.5, 0.5]
		},
		"ground": {
			"rotation": [0, 0, 90],
			"translation": [20.75, -3, 0]
		},
		"gui": {
			"rotation": [0, 90, 0],
			"translation": [0, -61, -0.25],
			"scale": [3, 3, 3]
		},
		"head": {
			"rotation": [0, 0, 90],
			"translation": [80, 6.5, -0.75],
			"scale": [4, 4, 4]
		},
		"fixed": {
			"rotation": [0, 90, 0],
			"translation": [0, -61, -0.25],
			"scale": [3, 3, 3]
		}
	},
	"groups": [
		{
			"name": "Bolt",
			"origin": [0, 0, 0],
			"color": 0,
			"children": [0, 1, 2]
		}
	]
}